"review.id","review.review_data","review.rating","review.title","review.review","review.verified_purchase","product.position.page","product.position.position","product.position.global_position","product.asin","product.keyword","product.price.discounted","product.price.current_price","product.price.currency","product.price.before_price","product.price.savings_amount","product.price.savings_percent","product.reviews.total_reviews","product.reviews.rating","product.url","product.score","product.sponsored","product.amazonChoice","product.bestSeller","product.amazonPrime","product.title","product.thumbnail"
"cr-translate-1071730843",,,"","",false,1,1,"11","B07GWYYHPQ","nintendo 2ds",false,0,"USD",0,0,0,6144,4.8,"https://www.amazon.com/dp/B07GWYYHPQ","29491.20",false,false,false,false,"New Nintendo 2DS XL - Black + Turquoise With Mario Kart 7 Pre-installed - Nintendo 2DS","https://m.media-amazon.com/images/I/71RL2xIeuAL._AC_UY218_.jpg"
"R39H6L2XBTNRQH","Reviewed in the United States on September 19, 2021",5,"Had it for 3 years still works like new, its great.","I love this, I still have it for 3 years and it has been a big part of my childhood.",true,1,1,"11","B07GWYYHPQ","nintendo 2ds",false,0,"USD",0,0,0,6144,4.8,"https://www.amazon.com/dp/B07GWYYHPQ","29491.20",false,false,false,false,"New Nintendo 2DS XL - Black + Turquoise With Mario Kart 7 Pre-installed - Nintendo 2DS","https://m.media-amazon.com/images/I/71RL2xIeuAL._AC_UY218_.jpg"
"R3JFK3A1CVF8JL","Reviewed in the United States on September 18, 2021",5,"Getting this worth it at 2021","Great Item. Got no problem.",true,1,1,"11","B07GWYYHPQ","nintendo 2ds",false,0,"USD",0,0,0,6144,4.8,"https://www.amazon.com/dp/B07GWYYHPQ","29491.20",false,false,false,false,"New Nintendo 2DS XL - Black + Turquoise With Mario Kart 7 Pre-installed - Nintendo 2DS","https://m.media-amazon.com/images/I/71RL2xIeuAL._AC_UY218_.jpg"
"R2QHCQ8R01I5HP","Reviewed in the United States on September 14, 2021",5,"amazing console","came in great condition, little to no scratches on the screens. some scratches on the outside casing. device works and is fully functional. i‚Äôd advise going with a good seller. a lot of people were saying they received a broken product, but i believe it‚Äôs because they didn‚Äôt look into the seller. i purchased mine from storm unity games. amazing customer service, answered all my questions very quickly. anyways, it‚Äôs a great console and i‚Äôm so very happy that i could buy this. i had one as a kid, but i sold it because other people made me think it was for kids and that i was ‚Äútoo old‚Äù to own one. so glad i could buy it again. you‚Äôre never too old to like having a 2ds! :)",true,1,1,"11","B07GWYYHPQ","nintendo 2ds",false,0,"USD",0,0,0,6144,4.8,"https://www.amazon.com/dp/B07GWYYHPQ","29491.20",false,false,false,false,"New Nintendo 2DS XL - Black + Turquoise With Mario Kart 7 Pre-installed - Nintendo 2DS","https://m.media-amazon.com/images/I/71RL2xIeuAL._AC_UY218_.jpg"
"RWUC44OGFE76F","Reviewed in the United States on September 12, 2021",5,"Excelente","Vale mucho la pena y tiene un excelente catalogo de video juegos",true,1,1,"11","B07GWYYHPQ","nintendo 2ds",false,0,"USD",0,0,0,6144,4.8,"https://www.amazon.com/dp/B07GWYYHPQ","29491.20",false,false,false,false,"New Nintendo 2DS XL - Black + Turquoise With Mario Kart 7 Pre-installed - Nintendo 2DS","https://m.media-amazon.com/images/I/71RL2xIeuAL._AC_UY218_.jpg"
"R3E6OJSK1VTCLQ","Reviewed in the United States on September 11, 2021",5,"Awesome","It came early was very happy. Thank you",true,1,1,"11","B07GWYYHPQ","nintendo 2ds",false,0,"USD",0,0,0,6144,4.8,"https://www.amazon.com/dp/B07GWYYHPQ","29491.20",false,false,false,false,"New Nintendo 2DS XL - Black + Turquoise With Mario Kart 7 Pre-installed - Nintendo 2DS","https://m.media-amazon.com/images/I/71RL2xIeuAL._AC_UY218_.jpg"
"R22RQUUBKFVGWG","Reviewed in the United States on September 1, 2021",1,"Cracked screen","After a few days , the cracked screen became apparent.NOTE: this was used",true,1,1,"11","B07GWYYHPQ","nintendo 2ds",false,0,"USD",0,0,0,6144,4.8,"https://www.amazon.com/dp/B07GWYYHPQ","29491.20",false,false,false,false,"New Nintendo 2DS XL - Black + Turquoise With Mario Kart 7 Pre-installed - Nintendo 2DS","https://m.media-amazon.com/images/I/71RL2xIeuAL._AC_UY218_.jpg"
"R3IB0D9CT869ZM","Reviewed in the United States on August 3, 2021",1,"You may or may not get a used one","Product description says NEW, I didnt find anything that said used in the description. Seeing other images people have recieved new ones BUT it looks like a lot of us are getting used ones and some are damaged/broken. Buy at your own risk.",true,1,1,"11","B07GWYYHPQ","nintendo 2ds",false,0,"USD",0,0,0,6144,4.8,"https://www.amazon.com/dp/B07GWYYHPQ","29491.20",false,false,false,false,"New Nintendo 2DS XL - Black + Turquoise With Mario Kart 7 Pre-installed - Nintendo 2DS","https://m.media-amazon.com/images/I/71RL2xIeuAL._AC_UY218_.jpg"
"R1S9EQEKXTDNI5","Reviewed in the United States on August 2, 2021",1,"Not reading memory card","It refuses to read the memory card that came with it and also wont read a new one. cant use it without a memory card",true,1,1,"11","B07GWYYHPQ","nintendo 2ds",false,0,"USD",0,0,0,6144,4.8,"https://www.amazon.com/dp/B07GWYYHPQ","29491.20",false,false,false,false,"New Nintendo 2DS XL - Black + Turquoise With Mario Kart 7 Pre-installed - Nintendo 2DS","https://m.media-amazon.com/images/I/71RL2xIeuAL._AC_UY218_.jpg"
"R3HDC8G8O1A032","Reviewed in the United States on August 2, 2021",5,"Be sure you‚Äôre getting the condition you want.","I see a lot of people saying they get a used 2DS, but you need to make sure your order condition is ‚Äúnew‚Äù! The 2DS is called ‚ÄúNew Nintendo 2DS‚Äù because that‚Äôs what Nintendo named it, it doesn‚Äôt mean your condition of the 2DS is new itself. I ordered mine new, and it came new, original box and wrapping with everything clean and new.",true,1,1,"11","B07GWYYHPQ","nintendo 2ds",false,0,"USD",0,0,0,6144,4.8,"https://www.amazon.com/dp/B07GWYYHPQ","29491.20",false,false,false,false,"New Nintendo 2DS XL - Black + Turquoise With Mario Kart 7 Pre-installed - Nintendo 2DS","https://m.media-amazon.com/images/I/71RL2xIeuAL._AC_UY218_.jpg"
"R2SH0GZ9YYVLY0","Reviewed in the United States on July 27, 2021",5,"Best gaming console","My daughter loves it",true,1,1,"11","B07GWYYHPQ","nintendo 2ds",false,0,"USD",0,0,0,6144,4.8,"https://www.amazon.com/dp/B07GWYYHPQ","29491.20",false,false,false,false,"New Nintendo 2DS XL - Black + Turquoise With Mario Kart 7 Pre-installed - Nintendo 2DS","https://m.media-amazon.com/images/I/71RL2xIeuAL._AC_UY218_.jpg"
"cr-translate--1244542020",,,"","",false,1,2,"12","B07F249H14","nintendo 2ds",false,0,"USD",0,0,0,407,4.6,"https://www.amazon.com/dp/B07F249H14","1872.20",false,false,false,false,"Nintendo 2DS - Electric Blue 2 with New Super Mario Bros. 2 (Game Pre-Installed) - 2DS","https://m.media-amazon.com/images/I/71CzMQVSQ-L._AC_UY218_.jpg"
"R1QKRX4R3MQNKZ","Reviewed in the United States on October 6, 2021",4,"the systom is great but came with wrong game","the 2s is in grait shape no nicks or scraches!! but buyer beware it dident come with the game as advertized.!!fast shipping over all a good buy.i dont mind the game being differnt cas i bought a game as well.",true,1,2,"12","B07F249H14","nintendo 2ds",false,0,"USD",0,0,0,407,4.6,"https://www.amazon.com/dp/B07F249H14","1872.20",false,false,false,false,"Nintendo 2DS - Electric Blue 2 with New Super Mario Bros. 2 (Game Pre-Installed) - 2DS","https://m.media-amazon.com/images/I/71CzMQVSQ-L._AC_UY218_.jpg"
"R1O83BIK8OMTDT","Reviewed in the United States on June 14, 2021",1,"BAD PRODUCT","Product stopped working a month after I purchased it. I will not be buying from this seller ever again especially since no warranty is offered.",true,1,2,"12","B07F249H14","nintendo 2ds",false,0,"USD",0,0,0,407,4.6,"https://www.amazon.com/dp/B07F249H14","1872.20",false,false,false,false,"Nintendo 2DS - Electric Blue 2 with New Super Mario Bros. 2 (Game Pre-Installed) - 2DS","https://m.media-amazon.com/images/I/71CzMQVSQ-L._AC_UY218_.jpg"
"RBED4BE7HH6OO","Reviewed in the United States on April 11, 2021",5,"Perfect!","Pretty amazing device! This blue color is incredible, I'm in love with my 2ds. Highly recommended!",true,1,2,"12","B07F249H14","nintendo 2ds",false,0,"USD",0,0,0,407,4.6,"https://www.amazon.com/dp/B07F249H14","1872.20",false,false,false,false,"Nintendo 2DS - Electric Blue 2 with New Super Mario Bros. 2 (Game Pre-Installed) - 2DS","https://m.media-amazon.com/images/I/71CzMQVSQ-L._AC_UY218_.jpg"
"RLBMOF7QPV1V3","Reviewed in the United States on November 28, 2020",1,"Re","What the hell is THIS?The picture shows this item in the manufacturer's package. What did I get?I got a Priority Mail box with the Nintendo 2DS inside, no box, wrapped once in bubble wrap, with the charger just floating around next to it. Really??? I thought I was buying a new product. I'm super pissed, this is supposed to be a Christnas gift.",true,1,2,"12","B07F249H14","nintendo 2ds",false,0,"USD",0,0,0,407,4.6,"https://www.amazon.com/dp/B07F249H14","1872.20",false,false,false,false,"Nintendo 2DS - Electric Blue 2 with New Super Mario Bros. 2 (Game Pre-Installed) - 2DS","https://m.media-amazon.com/images/I/71CzMQVSQ-L._AC_UY218_.jpg"
"RD5NLPUELNS8D","Reviewed in the United States on July 30, 2020",2,"good but fragile and a little old school","Stopped working after a year:-/",true,1,2,"12","B07F249H14","nintendo 2ds",false,0,"USD",0,0,0,407,4.6,"https://www.amazon.com/dp/B07F249H14","1872.20",false,false,false,false,"Nintendo 2DS - Electric Blue 2 with New Super Mario Bros. 2 (Game Pre-Installed) - 2DS","https://m.media-amazon.com/images/I/71CzMQVSQ-L._AC_UY218_.jpg"
"R2OA7M2R5CRM66","Reviewed in the United States on May 2, 2020",1,"Enga√±o","No reconoce ninguna tarjeta sd y ven√≠a sin juego",true,1,2,"12","B07F249H14","nintendo 2ds",false,0,"USD",0,0,0,407,4.6,"https://www.amazon.com/dp/B07F249H14","1872.20",false,false,false,false,"Nintendo 2DS - Electric Blue 2 with New Super Mario Bros. 2 (Game Pre-Installed) - 2DS","https://m.media-amazon.com/images/I/71CzMQVSQ-L._AC_UY218_.jpg"
"R2SD1MONCVMBZF","Reviewed in the United States on April 29, 2020",1,"Breaks easily! Buyer beware!","This was our second DS in 1 year that has broken. This one fell off my sons bed. Maybe 2 feet onto a rug and the inside screen cracked and went black. We won‚Äôt be buying anymore of these. Super disappointing, now all the games we bought were also a waste.",true,1,2,"12","B07F249H14","nintendo 2ds",false,0,"USD",0,0,0,407,4.6,"https://www.amazon.com/dp/B07F249H14","1872.20",false,false,false,false,"Nintendo 2DS - Electric Blue 2 with New Super Mario Bros. 2 (Game Pre-Installed) - 2DS","https://m.media-amazon.com/images/I/71CzMQVSQ-L._AC_UY218_.jpg"
"R24COXFGYW0G2N","Reviewed in the United States on April 16, 2020",1,"Stopped working after a few minutes.","Worked perfectly for the first few minutes then it froze when I tried to start up another game and it was unusable",true,1,2,"12","B07F249H14","nintendo 2ds",false,0,"USD",0,0,0,407,4.6,"https://www.amazon.com/dp/B07F249H14","1872.20",false,false,false,false,"Nintendo 2DS - Electric Blue 2 with New Super Mario Bros. 2 (Game Pre-Installed) - 2DS","https://m.media-amazon.com/images/I/71CzMQVSQ-L._AC_UY218_.jpg"
"RXZHH6USFQ36U","Reviewed in the United States on April 12, 2020",1,"Incorrect details on device.","Bought this because it said it had Mario 2 pre installed but it does not. I should have went off of what ppl said by it not having the right game on it! Mine doesn‚Äôt even have a game preinstalled at all!! Super upsetting for my 6 year who wanted this for his birthday.",true,1,2,"12","B07F249H14","nintendo 2ds",false,0,"USD",0,0,0,407,4.6,"https://www.amazon.com/dp/B07F249H14","1872.20",false,false,false,false,"Nintendo 2DS - Electric Blue 2 with New Super Mario Bros. 2 (Game Pre-Installed) - 2DS","https://m.media-amazon.com/images/I/71CzMQVSQ-L._AC_UY218_.jpg"
"R1OPOCCVSL7IQV","Reviewed in the United States on April 2, 2020",2,"Not as advertised","Did not come with the advertised preloaded game. Was poorly packed and very dirty. Screen is scratched and has a couple dings and dents, not in ""excellent, collectors"" condition at all...",true,1,2,"12","B07F249H14","nintendo 2ds",false,0,"USD",0,0,0,407,4.6,"https://www.amazon.com/dp/B07F249H14","1872.20",false,false,false,false,"Nintendo 2DS - Electric Blue 2 with New Super Mario Bros. 2 (Game Pre-Installed) - 2DS","https://m.media-amazon.com/images/I/71CzMQVSQ-L._AC_UY218_.jpg"
"cr-translate-1326175163",,,"","",false,1,3,"13","B0784FNTRV","nintendo 2ds",false,284.99,"USD",0,0,0,812,4.6,"https://www.amazon.com/dp/B0784FNTRV","3735.20",false,false,false,false,"Nintendo 2DS - Legend of Zelda Ocarina of Time 3D","https://m.media-amazon.com/images/I/71XC+iPRdeL._AC_UY218_.jpg"
"R2T0D1R2H7TWSF","Reviewed in the United States on October 19, 2021",4,"Really good","Works perfectly fine. They gave me a blue styler/pen instead of the brown one & the box that the DS came in was a blank white box not the one you see in the picture so it‚Äôs a little misleading. The actual 2ds itself works great! No problems with the system itself.",true,1,3,"13","B0784FNTRV","nintendo 2ds",false,284.99,"USD",0,0,0,812,4.6,"https://www.amazon.com/dp/B0784FNTRV","3735.20",false,false,false,false,"Nintendo 2DS - Legend of Zelda Ocarina of Time 3D","https://m.media-amazon.com/images/I/71XC+iPRdeL._AC_UY218_.jpg"
"RAXOKS3JO6GCR","Reviewed in the United States on September 17, 2021",1,"Don‚Äôt buy it doesn‚Äôt come with the game","I really paid 270$ for a new 2ds ocarina of time and I didn‚Äôt get the game and it‚Äôs refurbished..",true,1,3,"13","B0784FNTRV","nintendo 2ds",false,284.99,"USD",0,0,0,812,4.6,"https://www.amazon.com/dp/B0784FNTRV","3735.20",false,false,false,false,"Nintendo 2DS - Legend of Zelda Ocarina of Time 3D","https://m.media-amazon.com/images/I/71XC+iPRdeL._AC_UY218_.jpg"
"R3JH965KL8AUUG","Reviewed in the United States on September 10, 2021",1,"No game pre installed","Didn't come with the game pre installed and the online nintendo shop says I have to buy it. Also said the system was new. Ended up being refurbished when I got it.",true,1,3,"13","B0784FNTRV","nintendo 2ds",false,284.99,"USD",0,0,0,812,4.6,"https://www.amazon.com/dp/B0784FNTRV","3735.20",false,false,false,false,"Nintendo 2DS - Legend of Zelda Ocarina of Time 3D","https://m.media-amazon.com/images/I/71XC+iPRdeL._AC_UY218_.jpg"
"RKIO58S0E7M2U","Reviewed in the United States on August 29, 2021",2,"Review","Wish it came with the game instead of having to buy it separately",true,1,3,"13","B0784FNTRV","nintendo 2ds",false,284.99,"USD",0,0,0,812,4.6,"https://www.amazon.com/dp/B0784FNTRV","3735.20",false,false,false,false,"Nintendo 2DS - Legend of Zelda Ocarina of Time 3D","https://m.media-amazon.com/images/I/71XC+iPRdeL._AC_UY218_.jpg"
"RHEYQU5BXLWU5","Reviewed in the United States on August 12, 2021",5,"Great Deal and it works...","So far it's working great and I've played several games on it. Love the color and happy it came with an SD card. This was a really great find and looks like it's brand new.",true,1,3,"13","B0784FNTRV","nintendo 2ds",false,284.99,"USD",0,0,0,812,4.6,"https://www.amazon.com/dp/B0784FNTRV","3735.20",false,false,false,false,"Nintendo 2DS - Legend of Zelda Ocarina of Time 3D","https://m.media-amazon.com/images/I/71XC+iPRdeL._AC_UY218_.jpg"
"R3D2EOXMSTWIT1","Reviewed in the United States on August 9, 2021",5,"Received product exactly as advertised","Received product exactly as advertised",true,1,3,"13","B0784FNTRV","nintendo 2ds",false,284.99,"USD",0,0,0,812,4.6,"https://www.amazon.com/dp/B0784FNTRV","3735.20",false,false,false,false,"Nintendo 2DS - Legend of Zelda Ocarina of Time 3D","https://m.media-amazon.com/images/I/71XC+iPRdeL._AC_UY218_.jpg"
"RZ8MFCDQL3FOT","Reviewed in the United States on August 6, 2021",5,"Me gust√≥","El art√≠culo muy bien, no pude bajar el juego preinstalado y me comunique con el vendedor y muy amable y r√°pidamente me hizo un cr√©dito. Excelente",true,1,3,"13","B0784FNTRV","nintendo 2ds",false,284.99,"USD",0,0,0,812,4.6,"https://www.amazon.com/dp/B0784FNTRV","3735.20",false,false,false,false,"Nintendo 2DS - Legend of Zelda Ocarina of Time 3D","https://m.media-amazon.com/images/I/71XC+iPRdeL._AC_UY218_.jpg"
"RVFZVWGB72SSP","Reviewed in the United States on July 26, 2021",2,"Not as Big as Thought","Thought that this was bigger than it turned out to be. If you want an old style Game boy sized screen, then here it is, but if you want bigger get a 2DS XL. I should have gotten that instead, but the Zelda edition 2DS XL was either sold out or overpriced. I mostly got this to have Ocarina of Time but then transferred it over to my 2DS XL.",true,1,3,"13","B0784FNTRV","nintendo 2ds",false,284.99,"USD",0,0,0,812,4.6,"https://www.amazon.com/dp/B0784FNTRV","3735.20",false,false,false,false,"Nintendo 2DS - Legend of Zelda Ocarina of Time 3D","https://m.media-amazon.com/images/I/71XC+iPRdeL._AC_UY218_.jpg"
"R1CMXA96T2T2PK","Reviewed in the United States on July 22, 2021",2,"Does not include game","Did not include the Zelda game as listed in description.",true,1,3,"13","B0784FNTRV","nintendo 2ds",false,284.99,"USD",0,0,0,812,4.6,"https://www.amazon.com/dp/B0784FNTRV","3735.20",false,false,false,false,"Nintendo 2DS - Legend of Zelda Ocarina of Time 3D","https://m.media-amazon.com/images/I/71XC+iPRdeL._AC_UY218_.jpg"
"R2Z4LRPSZHMQWG","Reviewed in the United States on July 10, 2021",5,"It's reburnished but it runs like a brand new system","Product arrived early and looks exactly as it was described. Plus, the 'Thank You' note was a nice touch!",true,1,3,"13","B0784FNTRV","nintendo 2ds",false,284.99,"USD",0,0,0,812,4.6,"https://www.amazon.com/dp/B0784FNTRV","3735.20",false,false,false,false,"Nintendo 2DS - Legend of Zelda Ocarina of Time 3D","https://m.media-amazon.com/images/I/71XC+iPRdeL._AC_UY218_.jpg"
"cr-translate-796253931",,,"","",false,1,4,"14","B071KWZ8L9","nintendo 2ds",false,0,"USD",0,0,0,2426,4.8,"https://www.amazon.com/dp/B071KWZ8L9","11644.80",false,false,false,false,"Nintendo New 2DS XL - Black + Turquoise","https://m.media-amazon.com/images/I/716+Ui40HcL._AC_UY218_.jpg"
"R3AVN7ALYP3YKS","Reviewed in the United States on October 15, 2021",5,"product working beautifully!","Please remove earlier review. Product is working beautifully . I would suggest a small pamphlet being included with each shipment for those of us who were using older systems that work differently . This game system is great .",true,1,4,"14","B071KWZ8L9","nintendo 2ds",false,0,"USD",0,0,0,2426,4.8,"https://www.amazon.com/dp/B071KWZ8L9","11644.80",false,false,false,false,"Nintendo New 2DS XL - Black + Turquoise","https://m.media-amazon.com/images/I/716+Ui40HcL._AC_UY218_.jpg"
"RY6GTZ0HOON9U","Reviewed in the United States on September 29, 2021",5,"Came in as it were never used I guess I got lucky","10/10",true,1,4,"14","B071KWZ8L9","nintendo 2ds",false,0,"USD",0,0,0,2426,4.8,"https://www.amazon.com/dp/B071KWZ8L9","11644.80",false,false,false,false,"Nintendo New 2DS XL - Black + Turquoise","https://m.media-amazon.com/images/I/716+Ui40HcL._AC_UY218_.jpg"
"R12DTAVMK86Z65","Reviewed in the United States on August 25, 2021",5,"Great console","Great console!",true,1,4,"14","B071KWZ8L9","nintendo 2ds",false,0,"USD",0,0,0,2426,4.8,"https://www.amazon.com/dp/B071KWZ8L9","11644.80",false,false,false,false,"Nintendo New 2DS XL - Black + Turquoise","https://m.media-amazon.com/images/I/716+Ui40HcL._AC_UY218_.jpg"
"R3OA4CHXO27O96","Reviewed in the United States on August 20, 2021",5,"Fun, Durable, Great Battery Charge","This was exactly how it's advertised! The product keeps a good charge and is fun to play :)",true,1,4,"14","B071KWZ8L9","nintendo 2ds",false,0,"USD",0,0,0,2426,4.8,"https://www.amazon.com/dp/B071KWZ8L9","11644.80",false,false,false,false,"Nintendo New 2DS XL - Black + Turquoise","https://m.media-amazon.com/images/I/716+Ui40HcL._AC_UY218_.jpg"
"R2BEA5NZQB498B","Reviewed in the United States on June 14, 2021",5,"Excellent product!","Console working perfectly, been using since I received it and sometimes playing a lot of time in a single day.Package was secured propertly and well protected.",true,1,4,"14","B071KWZ8L9","nintendo 2ds",false,0,"USD",0,0,0,2426,4.8,"https://www.amazon.com/dp/B071KWZ8L9","11644.80",false,false,false,false,"Nintendo New 2DS XL - Black + Turquoise","https://m.media-amazon.com/images/I/716+Ui40HcL._AC_UY218_.jpg"
"R13Z4MKOW1HH83","Reviewed in the United States on May 30, 2021",1,"Not good","Power on bottom broken had to push hard to turn on",true,1,4,"14","B071KWZ8L9","nintendo 2ds",false,0,"USD",0,0,0,2426,4.8,"https://www.amazon.com/dp/B071KWZ8L9","11644.80",false,false,false,false,"Nintendo New 2DS XL - Black + Turquoise","https://m.media-amazon.com/images/I/716+Ui40HcL._AC_UY218_.jpg"
"R2I8UXZV1NKHXW","Reviewed in the United States on May 28, 2021",1,"Too high","Price gouging but I guess everyone else is doing it.",true,1,4,"14","B071KWZ8L9","nintendo 2ds",false,0,"USD",0,0,0,2426,4.8,"https://www.amazon.com/dp/B071KWZ8L9","11644.80",false,false,false,false,"Nintendo New 2DS XL - Black + Turquoise","https://m.media-amazon.com/images/I/716+Ui40HcL._AC_UY218_.jpg"
"R27IEWQBFX0XWE","Reviewed in the United States on May 14, 2021",3,"the charger it came with was broken","the charger it came with was broken",true,1,4,"14","B071KWZ8L9","nintendo 2ds",false,0,"USD",0,0,0,2426,4.8,"https://www.amazon.com/dp/B071KWZ8L9","11644.80",false,false,false,false,"Nintendo New 2DS XL - Black + Turquoise","https://m.media-amazon.com/images/I/716+Ui40HcL._AC_UY218_.jpg"
"RE9WGEBBIPELD","Reviewed in the United States on May 6, 2021",4,"la importancia de un cargador con input de 220 volt","Todo llego en buenas condiciones, pero lamentablemente el cargador que tra√≠a el producto no fue compatible con la red el√©ctrica est√°ndar de chile que es de 220 volt. El cargador que llego el input fue de 110 volt. Tuve que comprar otro :/",true,1,4,"14","B071KWZ8L9","nintendo 2ds",false,0,"USD",0,0,0,2426,4.8,"https://www.amazon.com/dp/B071KWZ8L9","11644.80",false,false,false,false,"Nintendo New 2DS XL - Black + Turquoise","https://m.media-amazon.com/images/I/716+Ui40HcL._AC_UY218_.jpg"
"R1HOH058IAD01T","Reviewed in the United States on May 1, 2021",5,"Son puntuales","Si me agrado el producto muchas gracias.",true,1,4,"14","B071KWZ8L9","nintendo 2ds",false,0,"USD",0,0,0,2426,4.8,"https://www.amazon.com/dp/B071KWZ8L9","11644.80",false,false,false,false,"Nintendo New 2DS XL - Black + Turquoise","https://m.media-amazon.com/images/I/716+Ui40HcL._AC_UY218_.jpg"
"RBNNN53VIYARH","Reviewed in the United States on September 20, 2021",5,"Excellent alternative to the 3DS","The worst part about the 3DS was how expensive it is to make, and having owned a 3DS and only using the 3D feature twice this was a great investment. Extremely fun games with the selling point of wonderful portability.",true,1,5,"15","B075BD7RYX","nintendo 2ds",false,0,"USD",0,0,0,716,4.7,"https://www.amazon.com/dp/B075BD7RYX","3365.20",false,false,false,false,"Nintendo New 2DS XL - White + Orange","https://m.media-amazon.com/images/I/61ws9Z+wfgL._AC_UY218_.jpg"
"RMF0ZLEDFPQP2","Reviewed in the United States on August 20, 2021",1,"Refurbished units","These are refurbished unit. Not Ned like advertised! Do not buy if you want NEW product!",true,1,5,"15","B075BD7RYX","nintendo 2ds",false,0,"USD",0,0,0,716,4.7,"https://www.amazon.com/dp/B075BD7RYX","3365.20",false,false,false,false,"Nintendo New 2DS XL - White + Orange","https://m.media-amazon.com/images/I/61ws9Z+wfgL._AC_UY218_.jpg"
"R3RLRD1S0F3KB2","Reviewed in the United States on April 19, 2021",5,"I love you Nintendo","Super product!! I love you",true,1,5,"15","B075BD7RYX","nintendo 2ds",false,0,"USD",0,0,0,716,4.7,"https://www.amazon.com/dp/B075BD7RYX","3365.20",false,false,false,false,"Nintendo New 2DS XL - White + Orange","https://m.media-amazon.com/images/I/61ws9Z+wfgL._AC_UY218_.jpg"
"RS8BOU3RLWZNE","Reviewed in the United States on March 18, 2021",5,"Megusta","Excelente",true,1,5,"15","B075BD7RYX","nintendo 2ds",false,0,"USD",0,0,0,716,4.7,"https://www.amazon.com/dp/B075BD7RYX","3365.20",false,false,false,false,"Nintendo New 2DS XL - White + Orange","https://m.media-amazon.com/images/I/61ws9Z+wfgL._AC_UY218_.jpg"
"R30PUXJTFE4U07","Reviewed in the United States on March 5, 2021",5,"great buy","2ds is in perfect condition",true,1,5,"15","B075BD7RYX","nintendo 2ds",false,0,"USD",0,0,0,716,4.7,"https://www.amazon.com/dp/B075BD7RYX","3365.20",false,false,false,false,"Nintendo New 2DS XL - White + Orange","https://m.media-amazon.com/images/I/61ws9Z+wfgL._AC_UY218_.jpg"
"R1WWYBUQQBZUNF","Reviewed in the United States on February 15, 2021",5,"Plays all games perfectly","I use this to play all my pokemon DS and 3DS games and it has had no issues.",true,1,5,"15","B075BD7RYX","nintendo 2ds",false,0,"USD",0,0,0,716,4.7,"https://www.amazon.com/dp/B075BD7RYX","3365.20",false,false,false,false,"Nintendo New 2DS XL - White + Orange","https://m.media-amazon.com/images/I/61ws9Z+wfgL._AC_UY218_.jpg"
"R25EA0M6B0QP7V","Reviewed in the United States on January 31, 2021",5,"As promised","As advertised, perfect condition, and well packaged. Reasonably priced as well. üëç",true,1,5,"15","B075BD7RYX","nintendo 2ds",false,0,"USD",0,0,0,716,4.7,"https://www.amazon.com/dp/B075BD7RYX","3365.20",false,false,false,false,"Nintendo New 2DS XL - White + Orange","https://m.media-amazon.com/images/I/61ws9Z+wfgL._AC_UY218_.jpg"
"R7MREVNY0YVN9","Reviewed in the United States on January 30, 2021",5,"Absolutely Perfect!","Was delivered very early compared to what I expected!Flawless device, obviously brand new, box was a little iffy but everything was perfect inside.Comes with a power adapter but I made sure to get a USB one.HIGHLY recommend, but it‚Äôs sad they‚Äôre so expensive when some services from Nintendo are slowly shutting off because they‚Äôre discontinuing these.",true,1,5,"15","B075BD7RYX","nintendo 2ds",false,0,"USD",0,0,0,716,4.7,"https://www.amazon.com/dp/B075BD7RYX","3365.20",false,false,false,false,"Nintendo New 2DS XL - White + Orange","https://m.media-amazon.com/images/I/61ws9Z+wfgL._AC_UY218_.jpg"
"RNDXY48AJMGZ5","Reviewed in the United States on January 6, 2021",5,"Worth it","Works well and was in great condition",true,1,5,"15","B075BD7RYX","nintendo 2ds",false,0,"USD",0,0,0,716,4.7,"https://www.amazon.com/dp/B075BD7RYX","3365.20",false,false,false,false,"Nintendo New 2DS XL - White + Orange","https://m.media-amazon.com/images/I/61ws9Z+wfgL._AC_UY218_.jpg"
"R2HSULPK0Q2Z11","Reviewed in the United States on November 23, 2020",5,"Retro!","I had a DSXi [?] years ago, gave it and many games to my grandchildren.A short while ago I decided I wanted one again, so purchased this 2DS which I'm having a great time with;I even repurchased my most favorite games.Good times.",true,1,5,"15","B075BD7RYX","nintendo 2ds",false,0,"USD",0,0,0,716,4.7,"https://www.amazon.com/dp/B075BD7RYX","3365.20",false,false,false,false,"Nintendo New 2DS XL - White + Orange","https://m.media-amazon.com/images/I/61ws9Z+wfgL._AC_UY218_.jpg"
"cr-translate--538130301",,,"","",false,1,6,"16","B07316C8Y1","nintendo 2ds",true,225.56,"USD",245.99,20.43,8.31,657,4.4,"https://www.amazon.com/dp/B07316C8Y1","2890.80",false,false,false,false,"NEW New Nintendo 2DS LL Console System White x Orange Region JAPAN import","https://m.media-amazon.com/images/I/61TYuG4GmaL._AC_UY218_.jpg"
"R22T8BGUV5TJHZ","Reviewed in the United States on February 8, 2021",5,"3dsxl Japan model","Came early and well packaged. Also came with charger. Remember it is a Japan model...it worked great . I used it the same day. I watch a YouTube video on converting language mode.",true,1,6,"16","B07316C8Y1","nintendo 2ds",true,225.56,"USD",245.99,20.43,8.31,657,4.4,"https://www.amazon.com/dp/B07316C8Y1","2890.80",false,false,false,false,"NEW New Nintendo 2DS LL Console System White x Orange Region JAPAN import","https://m.media-amazon.com/images/I/61TYuG4GmaL._AC_UY218_.jpg"
"RB9FBK68EWP6O","Reviewed in the United States on January 18, 2021",1,"It's cheaper at Walmart and comes with a charger and games.","It didnt come with a charger????",true,1,6,"16","B07316C8Y1","nintendo 2ds",true,225.56,"USD",245.99,20.43,8.31,657,4.4,"https://www.amazon.com/dp/B07316C8Y1","2890.80",false,false,false,false,"NEW New Nintendo 2DS LL Console System White x Orange Region JAPAN import","https://m.media-amazon.com/images/I/61TYuG4GmaL._AC_UY218_.jpg"
"R2J7SVQIDXMGX0","Reviewed in the United States on January 16, 2020",5,"Doesn't come with a power adapter","The system is in very nice condition, but do be aware that it doesn't come with a power adapter.It doesn't matter to me because this is my 2nd 3ds series system and I can use the adapter from my old 3ds.If it is your first system or if you are planning to sell your old system, be aware that buying this alone won't be enough to play games.Besides that the price goes down for $6 between when I bought the system and when I received it (which made me regret for not waiting for another week), I am 100% satisfied.",true,1,6,"16","B07316C8Y1","nintendo 2ds",true,225.56,"USD",245.99,20.43,8.31,657,4.4,"https://www.amazon.com/dp/B07316C8Y1","2890.80",false,false,false,false,"NEW New Nintendo 2DS LL Console System White x Orange Region JAPAN import","https://m.media-amazon.com/images/I/61TYuG4GmaL._AC_UY218_.jpg"
"R90KSOSAENVKF","Reviewed in the United States on January 11, 2019",5,"Thank you so much","Cool , great seller üëçüèº",true,1,6,"16","B07316C8Y1","nintendo 2ds",true,225.56,"USD",245.99,20.43,8.31,657,4.4,"https://www.amazon.com/dp/B07316C8Y1","2890.80",false,false,false,false,"NEW New Nintendo 2DS LL Console System White x Orange Region JAPAN import","https://m.media-amazon.com/images/I/61TYuG4GmaL._AC_UY218_.jpg"
"R3V54AUHZVR9PR","Reviewed in the United States on September 20, 2018",5,"worth it!","amazing product that works! worth the money spent. i can play japanese games, and have fun on the eShop!",true,1,6,"16","B07316C8Y1","nintendo 2ds",true,225.56,"USD",245.99,20.43,8.31,657,4.4,"https://www.amazon.com/dp/B07316C8Y1","2890.80",false,false,false,false,"NEW New Nintendo 2DS LL Console System White x Orange Region JAPAN import","https://m.media-amazon.com/images/I/61TYuG4GmaL._AC_UY218_.jpg"
"R38T87ZMPQ2OTV","Reviewed in Japan on October 16, 2021",,"Â±ä„Åç„Åæ„Åó„Åü‚Ä¶","‰∫àÂÆöÊó•„Çà„ÇäÊó©„ÅèÂ±ä„Åç„Åæ„Åó„Åü„ÄÇÊ¢±ÂåÖ„ÅØÊôÆÈÄö„Åß„Åó„Åü„Åå„ÄÅÊâãÊõ∏„Åç„ÅÆ„ÅäÊâãÁ¥ô„ÇÇÊ∑ª„Åà„Å¶„ÅÇ„ÇäÂøÉÊ∏©„Åæ„Çä„Åæ„Åó„Åü„ÄÇ„Åæ„ÅüÊ©ü‰ºö„Åå„ÅÇ„Çå„Å∞Ë≥ºÂÖ•„Åó„Åü„ÅÑ„Å®ÊÄù„ÅÑ„Åæ„Åô„ÄÇ",true,1,6,"16","B07316C8Y1","nintendo 2ds",true,225.56,"USD",245.99,20.43,8.31,657,4.4,"https://www.amazon.com/dp/B07316C8Y1","2890.80",false,false,false,false,"NEW New Nintendo 2DS LL Console System White x Orange Region JAPAN import","https://m.media-amazon.com/images/I/61TYuG4GmaL._AC_UY218_.jpg"
"R27GOTW4UJYZ0C","Reviewed in Japan on October 9, 2021",,"‚óé","Â≠ê„Å©„ÇÇ„ÅÆË™ïÁîüÊó•„Å´Ë≥ºÂÖ•„ÄÇ„Çà„Åã„Å£„Åü",true,1,6,"16","B07316C8Y1","nintendo 2ds",true,225.56,"USD",245.99,20.43,8.31,657,4.4,"https://www.amazon.com/dp/B07316C8Y1","2890.80",false,false,false,false,"NEW New Nintendo 2DS LL Console System White x Orange Region JAPAN import","https://m.media-amazon.com/images/I/61TYuG4GmaL._AC_UY218_.jpg"
"R1BWV316CRJHP","Reviewed in Japan on September 17, 2021",,"ÈùûÂ∏∏„Å´ËâØ„ÅÑ„Çí‰π±Áî®„Åó„Å™„ÅÑ„Çà„ÅÜ„Å´","‰ªäÂæå„ÅØÂïÜÂìÅ„ÅÆÁä∂ÊÖã„ÇíÊ≠£„Åó„ÅèÂà§Êñ≠„Åó„ÄÅÊ∂àË≤ªËÄÖ„Å´Ëß£„Çä„ÇÑ„Åô„ÅÑÈÅ©Ê≠£„Å™Ë°®Á§∫„Çí„ÅäÈ°ò„ÅÑ„ÅÑ„Åü„Åó„Åæ„Åô„ÄÇ",true,1,6,"16","B07316C8Y1","nintendo 2ds",true,225.56,"USD",245.99,20.43,8.31,657,4.4,"https://www.amazon.com/dp/B07316C8Y1","2890.80",false,false,false,false,"NEW New Nintendo 2DS LL Console System White x Orange Region JAPAN import","https://m.media-amazon.com/images/I/61TYuG4GmaL._AC_UY218_.jpg"
"R3F2AKSTEIGV0C","Reviewed in Japan on September 14, 2021",,"ÁîªÈù¢„ÅåÂ§ß„Åç„ÅÑ","ÁîªÈù¢„Åã„ÇâÂ§ß„Åç„Åè„Å¶„Åø„ÇÑ„Åô„ÅÑ",true,1,6,"16","B07316C8Y1","nintendo 2ds",true,225.56,"USD",245.99,20.43,8.31,657,4.4,"https://www.amazon.com/dp/B07316C8Y1","2890.80",false,false,false,false,"NEW New Nintendo 2DS LL Console System White x Orange Region JAPAN import","https://m.media-amazon.com/images/I/61TYuG4GmaL._AC_UY218_.jpg"
"RXFUU4HLSZ8UO","Reviewed in Japan on September 8, 2021",,"‰Ωø„ÅÑ„ÇÑ„Åô„ÅÑ","„ÇÅ„Å°„ÇÉ„Åè„Å°„ÇÉ„ÅÑ„ÅÑÔºÅ3DSÊ©üËÉΩ„Å§„Åã„Çè„Å™„ÅÑ‰∫∫„Åã„Çâ„Åó„Åü„ÇâÂÆâ„Åè„Å¶ÁîªÈù¢„Åß„Åã„Åè„Å¶„ÅÑ„ÅÑÊâÄ„Åó„Åã„Å™„ÅÑÔºÅ‰Ωø„ÅÑ„ÇÑ„Åô„ÅÑÔºÅ",true,1,6,"16","B07316C8Y1","nintendo 2ds",true,225.56,"USD",245.99,20.43,8.31,657,4.4,"https://www.amazon.com/dp/B07316C8Y1","2890.80",false,false,false,false,"NEW New Nintendo 2DS LL Console System White x Orange Region JAPAN import","https://m.media-amazon.com/images/I/61TYuG4GmaL._AC_UY218_.jpg"
"cr-translate--391212874",,,"","",false,1,7,"17","B07GWYWJYM","nintendo 2ds",false,519,"USD",0,0,0,6144,4.8,"https://www.amazon.com/dp/B07GWYWJYM","29491.20",false,false,false,false,"New Nintendo 2DS XL - Purple + Silver With Mario Kart 7 Pre-installed - Nintendo 2DS","https://m.media-amazon.com/images/I/61bX7AyyHML._AC_UY218_.jpg"
"R39H6L2XBTNRQH","Reviewed in the United States on September 19, 2021",5,"Had it for 3 years still works like new, its great.","I love this, I still have it for 3 years and it has been a big part of my childhood.",true,1,7,"17","B07GWYWJYM","nintendo 2ds",false,519,"USD",0,0,0,6144,4.8,"https://www.amazon.com/dp/B07GWYWJYM","29491.20",false,false,false,false,"New Nintendo 2DS XL - Purple + Silver With Mario Kart 7 Pre-installed - Nintendo 2DS","https://m.media-amazon.com/images/I/61bX7AyyHML._AC_UY218_.jpg"
"R3JFK3A1CVF8JL","Reviewed in the United States on September 18, 2021",5,"Getting this worth it at 2021","Great Item. Got no problem.",true,1,7,"17","B07GWYWJYM","nintendo 2ds",false,519,"USD",0,0,0,6144,4.8,"https://www.amazon.com/dp/B07GWYWJYM","29491.20",false,false,false,false,"New Nintendo 2DS XL - Purple + Silver With Mario Kart 7 Pre-installed - Nintendo 2DS","https://m.media-amazon.com/images/I/61bX7AyyHML._AC_UY218_.jpg"
"R2QHCQ8R01I5HP","Reviewed in the United States on September 14, 2021",5,"amazing console","came in great condition, little to no scratches on the screens. some scratches on the outside casing. device works and is fully functional. i‚Äôd advise going with a good seller. a lot of people were saying they received a broken product, but i believe it‚Äôs because they didn‚Äôt look into the seller. i purchased mine from storm unity games. amazing customer service, answered all my questions very quickly. anyways, it‚Äôs a great console and i‚Äôm so very happy that i could buy this. i had one as a kid, but i sold it because other people made me think it was for kids and that i was ‚Äútoo old‚Äù to own one. so glad i could buy it again. you‚Äôre never too old to like having a 2ds! :)",true,1,7,"17","B07GWYWJYM","nintendo 2ds",false,519,"USD",0,0,0,6144,4.8,"https://www.amazon.com/dp/B07GWYWJYM","29491.20",false,false,false,false,"New Nintendo 2DS XL - Purple + Silver With Mario Kart 7 Pre-installed - Nintendo 2DS","https://m.media-amazon.com/images/I/61bX7AyyHML._AC_UY218_.jpg"
"RWUC44OGFE76F","Reviewed in the United States on September 12, 2021",5,"Excelente","Vale mucho la pena y tiene un excelente catalogo de video juegos",true,1,7,"17","B07GWYWJYM","nintendo 2ds",false,519,"USD",0,0,0,6144,4.8,"https://www.amazon.com/dp/B07GWYWJYM","29491.20",false,false,false,false,"New Nintendo 2DS XL - Purple + Silver With Mario Kart 7 Pre-installed - Nintendo 2DS","https://m.media-amazon.com/images/I/61bX7AyyHML._AC_UY218_.jpg"
"R3E6OJSK1VTCLQ","Reviewed in the United States on September 11, 2021",5,"Awesome","It came early was very happy. Thank you",true,1,7,"17","B07GWYWJYM","nintendo 2ds",false,519,"USD",0,0,0,6144,4.8,"https://www.amazon.com/dp/B07GWYWJYM","29491.20",false,false,false,false,"New Nintendo 2DS XL - Purple + Silver With Mario Kart 7 Pre-installed - Nintendo 2DS","https://m.media-amazon.com/images/I/61bX7AyyHML._AC_UY218_.jpg"
"R22RQUUBKFVGWG","Reviewed in the United States on September 1, 2021",1,"Cracked screen","After a few days , the cracked screen became apparent.NOTE: this was used",true,1,7,"17","B07GWYWJYM","nintendo 2ds",false,519,"USD",0,0,0,6144,4.8,"https://www.amazon.com/dp/B07GWYWJYM","29491.20",false,false,false,false,"New Nintendo 2DS XL - Purple + Silver With Mario Kart 7 Pre-installed - Nintendo 2DS","https://m.media-amazon.com/images/I/61bX7AyyHML._AC_UY218_.jpg"
"R3IB0D9CT869ZM","Reviewed in the United States on August 3, 2021",1,"You may or may not get a used one","Product description says NEW, I didnt find anything that said used in the description. Seeing other images people have recieved new ones BUT it looks like a lot of us are getting used ones and some are damaged/broken. Buy at your own risk.",true,1,7,"17","B07GWYWJYM","nintendo 2ds",false,519,"USD",0,0,0,6144,4.8,"https://www.amazon.com/dp/B07GWYWJYM","29491.20",false,false,false,false,"New Nintendo 2DS XL - Purple + Silver With Mario Kart 7 Pre-installed - Nintendo 2DS","https://m.media-amazon.com/images/I/61bX7AyyHML._AC_UY218_.jpg"
"R1S9EQEKXTDNI5","Reviewed in the United States on August 2, 2021",1,"Not reading memory card","It refuses to read the memory card that came with it and also wont read a new one. cant use it without a memory card",true,1,7,"17","B07GWYWJYM","nintendo 2ds",false,519,"USD",0,0,0,6144,4.8,"https://www.amazon.com/dp/B07GWYWJYM","29491.20",false,false,false,false,"New Nintendo 2DS XL - Purple + Silver With Mario Kart 7 Pre-installed - Nintendo 2DS","https://m.media-amazon.com/images/I/61bX7AyyHML._AC_UY218_.jpg"
"R3HDC8G8O1A032","Reviewed in the United States on August 2, 2021",5,"Be sure you‚Äôre getting the condition you want.","I see a lot of people saying they get a used 2DS, but you need to make sure your order condition is ‚Äúnew‚Äù! The 2DS is called ‚ÄúNew Nintendo 2DS‚Äù because that‚Äôs what Nintendo named it, it doesn‚Äôt mean your condition of the 2DS is new itself. I ordered mine new, and it came new, original box and wrapping with everything clean and new.",true,1,7,"17","B07GWYWJYM","nintendo 2ds",false,519,"USD",0,0,0,6144,4.8,"https://www.amazon.com/dp/B07GWYWJYM","29491.20",false,false,false,false,"New Nintendo 2DS XL - Purple + Silver With Mario Kart 7 Pre-installed - Nintendo 2DS","https://m.media-amazon.com/images/I/61bX7AyyHML._AC_UY218_.jpg"
"R2SH0GZ9YYVLY0","Reviewed in the United States on July 27, 2021",5,"Best gaming console","My daughter loves it",true,1,7,"17","B07GWYWJYM","nintendo 2ds",false,519,"USD",0,0,0,6144,4.8,"https://www.amazon.com/dp/B07GWYWJYM","29491.20",false,false,false,false,"New Nintendo 2DS XL - Purple + Silver With Mario Kart 7 Pre-installed - Nintendo 2DS","https://m.media-amazon.com/images/I/61bX7AyyHML._AC_UY218_.jpg"
"cr-translate--823408947",,,"","",false,1,8,"18","B0744XTWL4","nintendo 2ds",false,0,"USD",0,0,0,959,4.5,"https://www.amazon.com/dp/B0744XTWL4","4315.50",false,false,false,false,"Nintendo 2DS - New Super Mario Bros. 2 Edition","https://m.media-amazon.com/images/I/71BDTi4rVpL._AC_UY218_.jpg"
"R3M4NT0EE21ZED","Reviewed in the United States on August 25, 2021",1,"The game did not come only mario kart 7 not new super mario bros 2","It doesn't let me look at the description and it said that it would come with new super mario bro 2 but it came with mario kart 7",true,1,8,"18","B0744XTWL4","nintendo 2ds",false,0,"USD",0,0,0,959,4.5,"https://www.amazon.com/dp/B0744XTWL4","4315.50",false,false,false,false,"Nintendo 2DS - New Super Mario Bros. 2 Edition","https://m.media-amazon.com/images/I/71BDTi4rVpL._AC_UY218_.jpg"
"RPSSIHAMMPTW2","Reviewed in the United States on June 22, 2021",3,"Didn't have Mario game on SD card","Was disappointed to find out this did not come with the Mario game on the SD card or any instructions to download it. Other than that I am happy with the console. Came with the AR cards and charger.",true,1,8,"18","B0744XTWL4","nintendo 2ds",false,0,"USD",0,0,0,959,4.5,"https://www.amazon.com/dp/B0744XTWL4","4315.50",false,false,false,false,"Nintendo 2DS - New Super Mario Bros. 2 Edition","https://m.media-amazon.com/images/I/71BDTi4rVpL._AC_UY218_.jpg"
"RZ4OJKBR03MJS","Reviewed in the United States on March 27, 2021",5,"My son loves it.","Fun game and easy to use.",true,1,8,"18","B0744XTWL4","nintendo 2ds",false,0,"USD",0,0,0,959,4.5,"https://www.amazon.com/dp/B0744XTWL4","4315.50",false,false,false,false,"Nintendo 2DS - New Super Mario Bros. 2 Edition","https://m.media-amazon.com/images/I/71BDTi4rVpL._AC_UY218_.jpg"
"RUNT93R940LB6","Reviewed in the United States on March 17, 2021",1,"Advertised and priced as new but the product is actually already used","The Nintendo was advertised and priced as new and in its box. But what I received was a used Nintendo without its own box,just wrapped in plastic",true,1,8,"18","B0744XTWL4","nintendo 2ds",false,0,"USD",0,0,0,959,4.5,"https://www.amazon.com/dp/B0744XTWL4","4315.50",false,false,false,false,"Nintendo 2DS - New Super Mario Bros. 2 Edition","https://m.media-amazon.com/images/I/71BDTi4rVpL._AC_UY218_.jpg"
"R205OP677CMOFB","Reviewed in the United States on February 6, 2021",5,"Great for Autistic children","So we have a little girl that has broken 3 DS systems.She basically pulls them back to far each time and eventually snaps it in 2. Dosen't mean to but it happens.Now this is the exact system as before but its ONE SOLID UNIT.That simple difference is everything.If your kid has similar issues or is just to rough with their stuff. This is absolutely worth it.",true,1,8,"18","B0744XTWL4","nintendo 2ds",false,0,"USD",0,0,0,959,4.5,"https://www.amazon.com/dp/B0744XTWL4","4315.50",false,false,false,false,"Nintendo 2DS - New Super Mario Bros. 2 Edition","https://m.media-amazon.com/images/I/71BDTi4rVpL._AC_UY218_.jpg"
"R2XEM08FV49VMM","Reviewed in the United States on February 2, 2021",5,"Muy bueno! Gracias","Muy bueno!",true,1,8,"18","B0744XTWL4","nintendo 2ds",false,0,"USD",0,0,0,959,4.5,"https://www.amazon.com/dp/B0744XTWL4","4315.50",false,false,false,false,"Nintendo 2DS - New Super Mario Bros. 2 Edition","https://m.media-amazon.com/images/I/71BDTi4rVpL._AC_UY218_.jpg"
"R3O4GC5ER9KD5F","Reviewed in the United States on December 9, 2020",3,"Touchscreen broke in less than a week and recalibration doesn't fix it.","Came working great, but the touchscreen broke in 4 days of sparse use. It reads the stylis in random different places that it isn't. I've recalibrate it several times but it doesn't correct itself!",true,1,8,"18","B0744XTWL4","nintendo 2ds",false,0,"USD",0,0,0,959,4.5,"https://www.amazon.com/dp/B0744XTWL4","4315.50",false,false,false,false,"Nintendo 2DS - New Super Mario Bros. 2 Edition","https://m.media-amazon.com/images/I/71BDTi4rVpL._AC_UY218_.jpg"
"R1QCBMH34L2NTN","Reviewed in the United States on November 28, 2020",5,"Happy Customer","Arrived on time. Good quality. My son is happy with product.",true,1,8,"18","B0744XTWL4","nintendo 2ds",false,0,"USD",0,0,0,959,4.5,"https://www.amazon.com/dp/B0744XTWL4","4315.50",false,false,false,false,"Nintendo 2DS - New Super Mario Bros. 2 Edition","https://m.media-amazon.com/images/I/71BDTi4rVpL._AC_UY218_.jpg"
"R1EB8GTCQIRRYE","Reviewed in the United States on October 17, 2020",2,"This is so sad","It stopped working pretty fast, I suppose it's possible that I somehow broke it. I doubt that though.",true,1,8,"18","B0744XTWL4","nintendo 2ds",false,0,"USD",0,0,0,959,4.5,"https://www.amazon.com/dp/B0744XTWL4","4315.50",false,false,false,false,"Nintendo 2DS - New Super Mario Bros. 2 Edition","https://m.media-amazon.com/images/I/71BDTi4rVpL._AC_UY218_.jpg"
"RBI6KMVGCIUDM","Reviewed in the United States on September 7, 2020",2,"used","Thought ot was brand new, missing stylist, volume control is broke and its a used system",true,1,8,"18","B0744XTWL4","nintendo 2ds",false,0,"USD",0,0,0,959,4.5,"https://www.amazon.com/dp/B0744XTWL4","4315.50",false,false,false,false,"Nintendo 2DS - New Super Mario Bros. 2 Edition","https://m.media-amazon.com/images/I/71BDTi4rVpL._AC_UY218_.jpg"
"R1VCG1UKA2IK4Y","Reviewed in the United States on April 8, 2021",5,"Great product","I love this system. Ive had mine for nearly 6 years. My son was excited to get his own today.",true,1,9,"19","B07JKVHH2X","nintendo 2ds",false,305.89,"USD",0,0,0,286,4.6,"https://www.amazon.com/dp/B07JKVHH2X","1315.60",false,false,false,false,"Nintendo 2DS Super Mario Maker Edition (w/ Super Mario Maker for 3DS (Pre-Installed)) - 2DS","https://m.media-amazon.com/images/I/81KRLuZqGAL._AC_UY218_.jpg"
"R3K387Y68ZXSFT","Reviewed in the United States on December 22, 2020",5,"Excelente","Excelente",true,1,9,"19","B07JKVHH2X","nintendo 2ds",false,305.89,"USD",0,0,0,286,4.6,"https://www.amazon.com/dp/B07JKVHH2X","1315.60",false,false,false,false,"Nintendo 2DS Super Mario Maker Edition (w/ Super Mario Maker for 3DS (Pre-Installed)) - 2DS","https://m.media-amazon.com/images/I/81KRLuZqGAL._AC_UY218_.jpg"
"R3UCHT7RM3F1AR","Reviewed in the United States on July 27, 2020",5,"Great product","Great investment I could of every gotten my little guy to wine him off of you tube and phones and tables.",true,1,9,"19","B07JKVHH2X","nintendo 2ds",false,305.89,"USD",0,0,0,286,4.6,"https://www.amazon.com/dp/B07JKVHH2X","1315.60",false,false,false,false,"Nintendo 2DS Super Mario Maker Edition (w/ Super Mario Maker for 3DS (Pre-Installed)) - 2DS","https://m.media-amazon.com/images/I/81KRLuZqGAL._AC_UY218_.jpg"
"R2ZEY72DO5L9IB","Reviewed in the United States on July 22, 2020",5,"Good nintendo!","Works very well and the pre-installed game is fun!",true,1,9,"19","B07JKVHH2X","nintendo 2ds",false,305.89,"USD",0,0,0,286,4.6,"https://www.amazon.com/dp/B07JKVHH2X","1315.60",false,false,false,false,"Nintendo 2DS Super Mario Maker Edition (w/ Super Mario Maker for 3DS (Pre-Installed)) - 2DS","https://m.media-amazon.com/images/I/81KRLuZqGAL._AC_UY218_.jpg"
"R27JR3DOHCOHL7","Reviewed in the United States on July 10, 2020",4,"My 8-y-o likes it, BUT...","We bought a used item and my son says he likes it but there's a line of pixels that is an abnormal color and one is the opposite color to everything around it. I know that's not a true reflection of the original product, but I promised I would post his review.",true,1,9,"19","B07JKVHH2X","nintendo 2ds",false,305.89,"USD",0,0,0,286,4.6,"https://www.amazon.com/dp/B07JKVHH2X","1315.60",false,false,false,false,"Nintendo 2DS Super Mario Maker Edition (w/ Super Mario Maker for 3DS (Pre-Installed)) - 2DS","https://m.media-amazon.com/images/I/81KRLuZqGAL._AC_UY218_.jpg"
"R2PQ3B5JQ2Q775","Reviewed in the United States on June 11, 2020",5,"Kid was happy","Came brand new still in plastic and original box. Although the price was crazy high I bought 2 brand new from Walmart 2 yrs ago for 150! And I gave over that for one. But other than the price I am pleased with the product",true,1,9,"19","B07JKVHH2X","nintendo 2ds",false,305.89,"USD",0,0,0,286,4.6,"https://www.amazon.com/dp/B07JKVHH2X","1315.60",false,false,false,false,"Nintendo 2DS Super Mario Maker Edition (w/ Super Mario Maker for 3DS (Pre-Installed)) - 2DS","https://m.media-amazon.com/images/I/81KRLuZqGAL._AC_UY218_.jpg"
"RONCPOUOLC5DO","Reviewed in the United States on June 11, 2020",5,"Great quality quick delivery","Perfect! My son loves it. Arrived a week ahead of schedule.",true,1,9,"19","B07JKVHH2X","nintendo 2ds",false,305.89,"USD",0,0,0,286,4.6,"https://www.amazon.com/dp/B07JKVHH2X","1315.60",false,false,false,false,"Nintendo 2DS Super Mario Maker Edition (w/ Super Mario Maker for 3DS (Pre-Installed)) - 2DS","https://m.media-amazon.com/images/I/81KRLuZqGAL._AC_UY218_.jpg"
"R1H37KDEMBZM0Y","Reviewed in the United States on May 13, 2020",2,"Popping noise when trying to power on","My son loved it for Christmas. Played it for two months. Then one day it powered on and shut right back off with a popping noise. It was fully charged but didnt want to turn on. My son was distraught.",true,1,9,"19","B07JKVHH2X","nintendo 2ds",false,305.89,"USD",0,0,0,286,4.6,"https://www.amazon.com/dp/B07JKVHH2X","1315.60",false,false,false,false,"Nintendo 2DS Super Mario Maker Edition (w/ Super Mario Maker for 3DS (Pre-Installed)) - 2DS","https://m.media-amazon.com/images/I/81KRLuZqGAL._AC_UY218_.jpg"
"R3NQ84X4K7O7AG","Reviewed in the United States on April 29, 2020",1,"Bad idea","Came without the pre installed game and the SD card did not work!Why did I pay so much for something that was only half working!",true,1,9,"19","B07JKVHH2X","nintendo 2ds",false,305.89,"USD",0,0,0,286,4.6,"https://www.amazon.com/dp/B07JKVHH2X","1315.60",false,false,false,false,"Nintendo 2DS Super Mario Maker Edition (w/ Super Mario Maker for 3DS (Pre-Installed)) - 2DS","https://m.media-amazon.com/images/I/81KRLuZqGAL._AC_UY218_.jpg"
"R3EJFDTXQSSCYH","Reviewed in the United States on April 29, 2020",3,"Used Item?","The machine is working OK.However, the instruction manual was not included.I suspect that it is a returned or used item.Amazon does not respond.The seller information is not available.",true,1,9,"19","B07JKVHH2X","nintendo 2ds",false,305.89,"USD",0,0,0,286,4.6,"https://www.amazon.com/dp/B07JKVHH2X","1315.60",false,false,false,false,"Nintendo 2DS Super Mario Maker Edition (w/ Super Mario Maker for 3DS (Pre-Installed)) - 2DS","https://m.media-amazon.com/images/I/81KRLuZqGAL._AC_UY218_.jpg"
"cr-translate--2146336853",,,"","",false,1,10,"110","B07GXKP4HH","nintendo 2ds",false,548.79,"USD",0,0,0,6144,4.8,"https://www.amazon.com/dp/B07GXKP4HH","29491.20",false,false,false,false,"New Nintendo 2DS XL Handheld Game Console - Orange + White With Mario Kart 7 Pre-installed - Nintendo 2DS","https://m.media-amazon.com/images/I/717U0vERKXL._AC_UY218_.jpg"
"R39H6L2XBTNRQH","Reviewed in the United States on September 19, 2021",5,"Had it for 3 years still works like new, its great.","I love this, I still have it for 3 years and it has been a big part of my childhood.",true,1,10,"110","B07GXKP4HH","nintendo 2ds",false,548.79,"USD",0,0,0,6144,4.8,"https://www.amazon.com/dp/B07GXKP4HH","29491.20",false,false,false,false,"New Nintendo 2DS XL Handheld Game Console - Orange + White With Mario Kart 7 Pre-installed - Nintendo 2DS","https://m.media-amazon.com/images/I/717U0vERKXL._AC_UY218_.jpg"
"R3JFK3A1CVF8JL","Reviewed in the United States on September 18, 2021",5,"Getting this worth it at 2021","Great Item. Got no problem.",true,1,10,"110","B07GXKP4HH","nintendo 2ds",false,548.79,"USD",0,0,0,6144,4.8,"https://www.amazon.com/dp/B07GXKP4HH","29491.20",false,false,false,false,"New Nintendo 2DS XL Handheld Game Console - Orange + White With Mario Kart 7 Pre-installed - Nintendo 2DS","https://m.media-amazon.com/images/I/717U0vERKXL._AC_UY218_.jpg"
"R2QHCQ8R01I5HP","Reviewed in the United States on September 14, 2021",5,"amazing console","came in great condition, little to no scratches on the screens. some scratches on the outside casing. device works and is fully functional. i‚Äôd advise going with a good seller. a lot of people were saying they received a broken product, but i believe it‚Äôs because they didn‚Äôt look into the seller. i purchased mine from storm unity games. amazing customer service, answered all my questions very quickly. anyways, it‚Äôs a great console and i‚Äôm so very happy that i could buy this. i had one as a kid, but i sold it because other people made me think it was for kids and that i was ‚Äútoo old‚Äù to own one. so glad i could buy it again. you‚Äôre never too old to like having a 2ds! :)",true,1,10,"110","B07GXKP4HH","nintendo 2ds",false,548.79,"USD",0,0,0,6144,4.8,"https://www.amazon.com/dp/B07GXKP4HH","29491.20",false,false,false,false,"New Nintendo 2DS XL Handheld Game Console - Orange + White With Mario Kart 7 Pre-installed - Nintendo 2DS","https://m.media-amazon.com/images/I/717U0vERKXL._AC_UY218_.jpg"
"RWUC44OGFE76F","Reviewed in the United States on September 12, 2021",5,"Excelente","Vale mucho la pena y tiene un excelente catalogo de video juegos",true,1,10,"110","B07GXKP4HH","nintendo 2ds",false,548.79,"USD",0,0,0,6144,4.8,"https://www.amazon.com/dp/B07GXKP4HH","29491.20",false,false,false,false,"New Nintendo 2DS XL Handheld Game Console - Orange + White With Mario Kart 7 Pre-installed - Nintendo 2DS","https://m.media-amazon.com/images/I/717U0vERKXL._AC_UY218_.jpg"
"R3E6OJSK1VTCLQ","Reviewed in the United States on September 11, 2021",5,"Awesome","It came early was very happy. Thank you",true,1,10,"110","B07GXKP4HH","nintendo 2ds",false,548.79,"USD",0,0,0,6144,4.8,"https://www.amazon.com/dp/B07GXKP4HH","29491.20",false,false,false,false,"New Nintendo 2DS XL Handheld Game Console - Orange + White With Mario Kart 7 Pre-installed - Nintendo 2DS","https://m.media-amazon.com/images/I/717U0vERKXL._AC_UY218_.jpg"
"R22RQUUBKFVGWG","Reviewed in the United States on September 1, 2021",1,"Cracked screen","After a few days , the cracked screen became apparent.NOTE: this was used",true,1,10,"110","B07GXKP4HH","nintendo 2ds",false,548.79,"USD",0,0,0,6144,4.8,"https://www.amazon.com/dp/B07GXKP4HH","29491.20",false,false,false,false,"New Nintendo 2DS XL Handheld Game Console - Orange + White With Mario Kart 7 Pre-installed - Nintendo 2DS","https://m.media-amazon.com/images/I/717U0vERKXL._AC_UY218_.jpg"
"R3IB0D9CT869ZM","Reviewed in the United States on August 3, 2021",1,"You may or may not get a used one","Product description says NEW, I didnt find anything that said used in the description. Seeing other images people have recieved new ones BUT it looks like a lot of us are getting used ones and some are damaged/broken. Buy at your own risk.",true,1,10,"110","B07GXKP4HH","nintendo 2ds",false,548.79,"USD",0,0,0,6144,4.8,"https://www.amazon.com/dp/B07GXKP4HH","29491.20",false,false,false,false,"New Nintendo 2DS XL Handheld Game Console - Orange + White With Mario Kart 7 Pre-installed - Nintendo 2DS","https://m.media-amazon.com/images/I/717U0vERKXL._AC_UY218_.jpg"
"R1S9EQEKXTDNI5","Reviewed in the United States on August 2, 2021",1,"Not reading memory card","It refuses to read the memory card that came with it and also wont read a new one. cant use it without a memory card",true,1,10,"110","B07GXKP4HH","nintendo 2ds",false,548.79,"USD",0,0,0,6144,4.8,"https://www.amazon.com/dp/B07GXKP4HH","29491.20",false,false,false,false,"New Nintendo 2DS XL Handheld Game Console - Orange + White With Mario Kart 7 Pre-installed - Nintendo 2DS","https://m.media-amazon.com/images/I/717U0vERKXL._AC_UY218_.jpg"
"R3HDC8G8O1A032","Reviewed in the United States on August 2, 2021",5,"Be sure you‚Äôre getting the condition you want.","I see a lot of people saying they get a used 2DS, but you need to make sure your order condition is ‚Äúnew‚Äù! The 2DS is called ‚ÄúNew Nintendo 2DS‚Äù because that‚Äôs what Nintendo named it, it doesn‚Äôt mean your condition of the 2DS is new itself. I ordered mine new, and it came new, original box and wrapping with everything clean and new.",true,1,10,"110","B07GXKP4HH","nintendo 2ds",false,548.79,"USD",0,0,0,6144,4.8,"https://www.amazon.com/dp/B07GXKP4HH","29491.20",false,false,false,false,"New Nintendo 2DS XL Handheld Game Console - Orange + White With Mario Kart 7 Pre-installed - Nintendo 2DS","https://m.media-amazon.com/images/I/717U0vERKXL._AC_UY218_.jpg"
"R2SH0GZ9YYVLY0","Reviewed in the United States on July 27, 2021",5,"Best gaming console","My daughter loves it",true,1,10,"110","B07GXKP4HH","nintendo 2ds",false,548.79,"USD",0,0,0,6144,4.8,"https://www.amazon.com/dp/B07GXKP4HH","29491.20",false,false,false,false,"New Nintendo 2DS XL Handheld Game Console - Orange + White With Mario Kart 7 Pre-installed - Nintendo 2DS","https://m.media-amazon.com/images/I/717U0vERKXL._AC_UY218_.jpg"
"cr-translate-1870460079",,,"","",false,1,11,"111","B075LC4LKV","nintendo 2ds",false,245.84,"USD",0,0,0,345,4.2,"https://www.amazon.com/dp/B075LC4LKV","1449.00",false,false,false,false,"New Nintendo 2DS LL White √ó Lavender JANSUAAA","https://m.media-amazon.com/images/I/61tUHX3yI7L._AC_UY218_.jpg"
"R1HBLEB5AFHRPG","Reviewed in the United States on October 4, 2021",5,"It is perfect","At this time, the product is perfect. Thank you for the amazing quality!",true,1,11,"111","B075LC4LKV","nintendo 2ds",false,245.84,"USD",0,0,0,345,4.2,"https://www.amazon.com/dp/B075LC4LKV","1449.00",false,false,false,false,"New Nintendo 2DS LL White √ó Lavender JANSUAAA","https://m.media-amazon.com/images/I/61tUHX3yI7L._AC_UY218_.jpg"
"R2YP37XDUOSB2G","Reviewed in the United States on April 17, 2021",2,"no charger","i don‚Äôt understand why it didn‚Äôt come with a charger.",true,1,11,"111","B075LC4LKV","nintendo 2ds",false,245.84,"USD",0,0,0,345,4.2,"https://www.amazon.com/dp/B075LC4LKV","1449.00",false,false,false,false,"New Nintendo 2DS LL White √ó Lavender JANSUAAA","https://m.media-amazon.com/images/I/61tUHX3yI7L._AC_UY218_.jpg"
"R30HRNQG6IEOES","Reviewed in the United States on January 22, 2021",1,"Only in Japanese","I bought this nintendo 2dsll. It is ALL in Japanese. This should be made clear to the buyer.",true,1,11,"111","B075LC4LKV","nintendo 2ds",false,245.84,"USD",0,0,0,345,4.2,"https://www.amazon.com/dp/B075LC4LKV","1449.00",false,false,false,false,"New Nintendo 2DS LL White √ó Lavender JANSUAAA","https://m.media-amazon.com/images/I/61tUHX3yI7L._AC_UY218_.jpg"
"R3U5UXSKCGCCWO","Reviewed in the United States on August 1, 2019",5,"Perfect system upgrade","The perfect upgrade from my smaller Japanese 3ds.",true,1,11,"111","B075LC4LKV","nintendo 2ds",false,245.84,"USD",0,0,0,345,4.2,"https://www.amazon.com/dp/B075LC4LKV","1449.00",false,false,false,false,"New Nintendo 2DS LL White √ó Lavender JANSUAAA","https://m.media-amazon.com/images/I/61tUHX3yI7L._AC_UY218_.jpg"
"R1Z076BFWBR7QC","Reviewed in the United States on March 24, 2019",4,"Region locked but very pretty!","Great quality, extremely beautiful console, really. The only issue I came upon, and this was my fault I should‚Äôve researched more I suppose, is that the console is region-locked. This wouldn‚Äôt be a problem if I was planning on buying NEW games from japan, but I only have my old games, all of which are for the US. Real sad to return it, most of the US consoles are quite unflattering, but i can‚Äôt make use of this one so I had to send it back.",true,1,11,"111","B075LC4LKV","nintendo 2ds",false,245.84,"USD",0,0,0,345,4.2,"https://www.amazon.com/dp/B075LC4LKV","1449.00",false,false,false,false,"New Nintendo 2DS LL White √ó Lavender JANSUAAA","https://m.media-amazon.com/images/I/61tUHX3yI7L._AC_UY218_.jpg"
"R3A3MKBP2K7UPD","Reviewed in Japan on July 12, 2021",,"ÂÆâ„Åè„Å¶ËâØ„Åã„Å£„Åü","„ÇÇ„ÅÜÊâãÂÖÉ„Å´„Å™„ÅÑ",true,1,11,"111","B075LC4LKV","nintendo 2ds",false,245.84,"USD",0,0,0,345,4.2,"https://www.amazon.com/dp/B075LC4LKV","1449.00",false,false,false,false,"New Nintendo 2DS LL White √ó Lavender JANSUAAA","https://m.media-amazon.com/images/I/61tUHX3yI7L._AC_UY218_.jpg"
"RQ5LT1I6QO6WZ","Reviewed in Japan on June 16, 2021",,"Êñ∞ÂìÅ""„Å´Ë¶ã„Åà„Çã""‰∏≠Âè§ÂìÅ","Êñ∞ÂìÅ„ÅßË≥ºÂÖ•„Åó„Åæ„Åó„Åü„ÄÇË¶ã„ÅüÁõÆ„ÅØ„Åæ„ÅÇ„Ç≠„É¨„Ç§„Åß„Åó„Åü„ÄÇË°®Èù¢„Å´Â∞ë„ÅóÂÇ∑„Åå„ÅÇ„Çä„Åæ„Åó„Åü„ÅåÂàùÊúü„Å´„Åß„Åç„Åü„ÇÇ„ÅÆ„Åã„Å®ÊÄù„ÅÑ„Çπ„É´„Éº„Åó„Åæ„Åó„Åü„ÄÇ„Åó„Åã„Åó„ÄÅÂÆüÈöõ„Å´„ÅØ‰∏≠Âè§ÂìÅ„Åß„Åó„Åü„ÄÇ„Å™„ÅúÂàÜ„Åã„Å£„Åü„Åã„ÅØÂÜôÁúü„ÅÆ„Éá„Éº„Çø„Åß„Åô„ÄÇÂÖ®„ÅèÁü•„Çâ„Å™„ÅÑÂ≠ê„Å©„ÇÇ„ÅÆÂÜôÁúü„ÅåÂ§ßÈáè„Å´„ÄÅÊï∞Âπ¥Ââç„ÅÆ„ÇÇ„ÅÆ„ÅåÊÆã„Å£„Å¶„Åä„Çä„Åæ„Åó„Åü„ÄÇÊú¨‰Ωì„ÇíÂàùÊúüÂåñ„Åó„Å¶„ÇÇSD„ÅÆ„Éá„Éº„Çø„ÅØÊ∂à„Åà„Å™„ÅÑ„ÅÆ„ÅßÁîò„Åã„Å£„Åü„Åß„Åô„Å≠„ÄÇÊñ∞ÂìÅ„ÅßË≥ºÂÖ•„Åó„Åü„ÅÆ„Å´‰∏≠Âè§ÂìÅ„ÅåÂ±ä„ÅçÊÆãÂøµ„Åß„Åô„ÄÇ„Åç„Å°„Çì„Å®Áô∫ÈÄÅ„Çí„Åó„Å¶„Åª„Åó„ÅÑ„Åß„Åô„ÄÇ„Åì„ÅÜ„ÅÑ„ÅÜ„Åì„Å®„ÇÇ„ÅÇ„Çã„ÅÆ„Åß„ÄÅ„Åø„Å™„Åï„Çì„ÇÇ„Å°„ÇÉ„Çì„Å®Á¢∫Ë™ç„Åó„ÅüÊñπ„Åå„ÅÑ„ÅÑ„Å®ÊÄù„ÅÑ„Åæ„Åô„ÄÇ",true,1,11,"111","B075LC4LKV","nintendo 2ds",false,245.84,"USD",0,0,0,345,4.2,"https://www.amazon.com/dp/B075LC4LKV","1449.00",false,false,false,false,"New Nintendo 2DS LL White √ó Lavender JANSUAAA","https://m.media-amazon.com/images/I/61tUHX3yI7L._AC_UY218_.jpg"
"R384QFJL3096R7","Reviewed in Japan on May 16, 2021",,"„Åä„Åæ„Åë‰ªò„Åç„ÅßÈ©ö„Åç„Åæ„Åó„Åü","Êú¨‰Ωì„ÅÆ„Åø„ÅÆË≥ºÂÖ•„Å†„Å£„Åü„ÅÆ„Å´„ÄÅ„Åä„Åæ„Åë„Åß3DS„ÇΩ„Éï„Éà„Åå„Å§„ÅÑ„Å¶„ÅÑ„Åæ„Åó„ÅüÔºÅÔºÅÂèØÊÑõ„ÅÑ„É°„É¢„Åæ„Åß„Å§„Åë„Å¶„Åè„Çå„Å¶„ÅÑ„Å¶„ÄÅÂøÉÈÅ£„ÅÑ„Å´ÊÑüÂãï„Åó„Åæ„Åó„Åü„ÄÇÈù¢ÁôΩ„Åù„ÅÜ„Å™„ÇΩ„Éï„Éà„Å†„Å£„Åü„ÅÆ„Åß„ÄÅÂ¨â„Åó„Åï„ÅåÂÄçÂ¢ó„Åó„Åæ„Åó„Åü„ÄÅÊú¨ÂΩì„Å´„ÅÇ„Çä„Åå„Å®„ÅÜ„Åî„Åñ„ÅÑ„Åæ„Åó„ÅüÔºÅ",true,1,11,"111","B075LC4LKV","nintendo 2ds",false,245.84,"USD",0,0,0,345,4.2,"https://www.amazon.com/dp/B075LC4LKV","1449.00",false,false,false,false,"New Nintendo 2DS LL White √ó Lavender JANSUAAA","https://m.media-amazon.com/images/I/61tUHX3yI7L._AC_UY218_.jpg"
"RNIK3U54OV68X","Reviewed in Japan on May 10, 2021",,"‰∏≠Âè§newnintendo2ds„ÅØ„ÄÅSD„Ç´„Éº„ÉâÂêåÊ¢±„Å®Ë®Ä„ÅÑ„Å™„Åå„ÇâÂÖ•„Å£„Å¶„ÅÑ„Å™„ÅÑ‰∫ã„ÅåÂ§ö„ÅÑ","‰∏≠Âè§„ÅßË≤∑„ÅÑ„Åæ„Åó„Åü„ÄÇÊñ∞ÂìÅÂêåÊßò„Å®„ÅÇ„Çä„ÄÅ„Åù„ÅÆ„Å®„Åä„Çä„Åß„Åó„Åü„Åå„ÄÅÂêåÊ¢±„Åï„Çå„Å¶„ÅÑ„Çã„ÅØ„Åö„ÅÆSD„Ç´„Éº„Éâ„ÅåÂÖ•„Å£„Å¶„ÅÑ„Åæ„Åõ„Çì„Åß„Åó„Åü„ÄÇÊÄ•ÈÅΩ„Çπ„Éû„Éõ„ÅÆ„Ç´„Éº„Éâ„Çí„ÄÅ‰ª£Áî®„Åó„Åæ„Åó„Åü„ÄÇ„Å™„ÅÆ„Åß„Ç´„Éº„Éâ„Çí„Çπ„Éû„ÉõÁî®„Å´Ë≤∑„Çè„Å™„ÅÑ„Å®„ÅÑ„Åë„Åæ„Åõ„Çì„ÄÇÊú¨ÂΩì„ÅØÊòü2„Å´„Åó„Åü„ÅÑ„Å®„Åì„Çç„Åß„Åô„Åå„ÄÅÊïÖÊÑè„Åß„ÅØ„Å™„ÅÑ„Å®‰ø°„Åò„Å¶3„Å´„Åó„Åæ„Åó„Åü„ÄÇSD„Ç´„Éº„Éâ„Åå„ÄÅË™¨Êòé„Å©„Åä„ÇäÂÖ•„Å£„Å¶„ÅÑ„Åü„ÇâÔºï„Åß„Åó„Åü„ÄÇ",true,1,11,"111","B075LC4LKV","nintendo 2ds",false,245.84,"USD",0,0,0,345,4.2,"https://www.amazon.com/dp/B075LC4LKV","1449.00",false,false,false,false,"New Nintendo 2DS LL White √ó Lavender JANSUAAA","https://m.media-amazon.com/images/I/61tUHX3yI7L._AC_UY218_.jpg"
"RGHWU018Q79V0","Reviewed in Japan on April 19, 2021",,"ËâØ„ÅÑ","„Éâ„É©„ÇØ„Ç®8„Çí„ÇÑ„Çã„Åü„ÇÅ„Å´Ë≤∑„ÅÑ„Åæ„Åó„Åü„ÄÇÊòî„ÅÆ„Ç≤„Éº„É†„ÇÇ„Åß„Åç„Çã„Åó„ÄÅ„ÅÑ„ÅÑÊÑü„Åò„Åß„Åô„ÄÇ",true,1,11,"111","B075LC4LKV","nintendo 2ds",false,245.84,"USD",0,0,0,345,4.2,"https://www.amazon.com/dp/B075LC4LKV","1449.00",false,false,false,false,"New Nintendo 2DS LL White √ó Lavender JANSUAAA","https://m.media-amazon.com/images/I/61tUHX3yI7L._AC_UY218_.jpg"
"R10D22W72ANCCC","Reviewed in the United States on September 23, 2021",5,"Looks like new","The seller I got it from says it has moderate/heavy use so there might be scratches, but I received mines looking like it‚Äôs been used for a day, it‚Äôs clean of visible scratches",true,1,12,"112","B00EZPCX1A","nintendo 2ds",false,0,"USD",0,0,0,2187,4.5,"https://www.amazon.com/dp/B00EZPCX1A","9841.50",false,false,false,false,"Nintendo 2DS - Electric Blue","https://m.media-amazon.com/images/I/91FfhzSVThL._AC_UY218_.jpg"
"R2YRV6QPTXHE3N","Reviewed in the United States on September 8, 2021",1,"Did not include Mario Kart","Your browser does not support HTML5 video.¬†Did not include the game that was supposed to come with the product.",true,1,12,"112","B00EZPCX1A","nintendo 2ds",false,0,"USD",0,0,0,2187,4.5,"https://www.amazon.com/dp/B00EZPCX1A","9841.50",false,false,false,false,"Nintendo 2DS - Electric Blue","https://m.media-amazon.com/images/I/91FfhzSVThL._AC_UY218_.jpg"
"R2C1V4EUP07QPL","Reviewed in the United States on July 26, 2021",5,"Would purchase again!","Arrived perfect and in great condition. Everything I needed!",true,1,12,"112","B00EZPCX1A","nintendo 2ds",false,0,"USD",0,0,0,2187,4.5,"https://www.amazon.com/dp/B00EZPCX1A","9841.50",false,false,false,false,"Nintendo 2DS - Electric Blue","https://m.media-amazon.com/images/I/91FfhzSVThL._AC_UY218_.jpg"
"RI9T2KE8FXY1P","Reviewed in the United States on July 8, 2021",1,"Not good","I only bought this a few months ago and it hasn't been used much and it already died. It won't turn on. I also had to buy a new charger for it because the one that it came with was a knock-off and stopped working",true,1,12,"112","B00EZPCX1A","nintendo 2ds",false,0,"USD",0,0,0,2187,4.5,"https://www.amazon.com/dp/B00EZPCX1A","9841.50",false,false,false,false,"Nintendo 2DS - Electric Blue","https://m.media-amazon.com/images/I/91FfhzSVThL._AC_UY218_.jpg"
"R2LU6XG6DHAZ2F","Reviewed in the United States on May 31, 2021",4,"Ok","As expected",true,1,12,"112","B00EZPCX1A","nintendo 2ds",false,0,"USD",0,0,0,2187,4.5,"https://www.amazon.com/dp/B00EZPCX1A","9841.50",false,false,false,false,"Nintendo 2DS - Electric Blue","https://m.media-amazon.com/images/I/91FfhzSVThL._AC_UY218_.jpg"
"RHZNDKONK5UTN","Reviewed in the United States on May 4, 2021",4,"Slow but great product!","Product finally arrived after having to contact seller to ship it. Other than that the product works great even though it took a while to get here due to USPS tracking issues. Got all of the cords to go with it as well. Thanks.",true,1,12,"112","B00EZPCX1A","nintendo 2ds",false,0,"USD",0,0,0,2187,4.5,"https://www.amazon.com/dp/B00EZPCX1A","9841.50",false,false,false,false,"Nintendo 2DS - Electric Blue","https://m.media-amazon.com/images/I/91FfhzSVThL._AC_UY218_.jpg"
"R1E3AKSJ0CY4IE","Reviewed in the United States on March 10, 2021",5,"Worst one","Hated the 2DS hated it. Worst one they made",true,1,12,"112","B00EZPCX1A","nintendo 2ds",false,0,"USD",0,0,0,2187,4.5,"https://www.amazon.com/dp/B00EZPCX1A","9841.50",false,false,false,false,"Nintendo 2DS - Electric Blue","https://m.media-amazon.com/images/I/91FfhzSVThL._AC_UY218_.jpg"
"R15OCINJDV2LC7","Reviewed in the United States on February 13, 2021",5,"Good","Good",true,1,12,"112","B00EZPCX1A","nintendo 2ds",false,0,"USD",0,0,0,2187,4.5,"https://www.amazon.com/dp/B00EZPCX1A","9841.50",false,false,false,false,"Nintendo 2DS - Electric Blue","https://m.media-amazon.com/images/I/91FfhzSVThL._AC_UY218_.jpg"
"R3OIYBXG2EO9U0","Reviewed in the United States on February 9, 2021",4,"Very good","grandson loved it but he got a little angry when the box in the photo did not look the same",true,1,12,"112","B00EZPCX1A","nintendo 2ds",false,0,"USD",0,0,0,2187,4.5,"https://www.amazon.com/dp/B00EZPCX1A","9841.50",false,false,false,false,"Nintendo 2DS - Electric Blue","https://m.media-amazon.com/images/I/91FfhzSVThL._AC_UY218_.jpg"
"R2QL3UZS8CBE2S","Reviewed in the United States on January 21, 2021",1,"Not as advertised","Arrived early but the ds was very scratched up. Looks like a cat on catnip 2as the previous owner.. The stylus was NOT included and the charging cable had a USB plug and no box",true,1,12,"112","B00EZPCX1A","nintendo 2ds",false,0,"USD",0,0,0,2187,4.5,"https://www.amazon.com/dp/B00EZPCX1A","9841.50",false,false,false,false,"Nintendo 2DS - Electric Blue","https://m.media-amazon.com/images/I/91FfhzSVThL._AC_UY218_.jpg"
"R10D22W72ANCCC","Reviewed in the United States on September 23, 2021",5,"Looks like new","The seller I got it from says it has moderate/heavy use so there might be scratches, but I received mines looking like it‚Äôs been used for a day, it‚Äôs clean of visible scratches",true,1,13,"113","B01LZ2MX91","nintendo 2ds",false,0,"USD",0,0,0,2187,4.5,"https://www.amazon.com/dp/B01LZ2MX91","9841.50",false,false,false,false,"Nintendo 2DS - Electric Blue with Mario Kart 7","https://m.media-amazon.com/images/I/71ro53m+1ML._AC_UY218_.jpg"
"R2YRV6QPTXHE3N","Reviewed in the United States on September 8, 2021",1,"Did not include Mario Kart","Your browser does not support HTML5 video.¬†Did not include the game that was supposed to come with the product.",true,1,13,"113","B01LZ2MX91","nintendo 2ds",false,0,"USD",0,0,0,2187,4.5,"https://www.amazon.com/dp/B01LZ2MX91","9841.50",false,false,false,false,"Nintendo 2DS - Electric Blue with Mario Kart 7","https://m.media-amazon.com/images/I/71ro53m+1ML._AC_UY218_.jpg"
"R2C1V4EUP07QPL","Reviewed in the United States on July 26, 2021",5,"Would purchase again!","Arrived perfect and in great condition. Everything I needed!",true,1,13,"113","B01LZ2MX91","nintendo 2ds",false,0,"USD",0,0,0,2187,4.5,"https://www.amazon.com/dp/B01LZ2MX91","9841.50",false,false,false,false,"Nintendo 2DS - Electric Blue with Mario Kart 7","https://m.media-amazon.com/images/I/71ro53m+1ML._AC_UY218_.jpg"
"RI9T2KE8FXY1P","Reviewed in the United States on July 8, 2021",1,"Not good","I only bought this a few months ago and it hasn't been used much and it already died. It won't turn on. I also had to buy a new charger for it because the one that it came with was a knock-off and stopped working",true,1,13,"113","B01LZ2MX91","nintendo 2ds",false,0,"USD",0,0,0,2187,4.5,"https://www.amazon.com/dp/B01LZ2MX91","9841.50",false,false,false,false,"Nintendo 2DS - Electric Blue with Mario Kart 7","https://m.media-amazon.com/images/I/71ro53m+1ML._AC_UY218_.jpg"
"R2LU6XG6DHAZ2F","Reviewed in the United States on May 31, 2021",4,"Ok","As expected",true,1,13,"113","B01LZ2MX91","nintendo 2ds",false,0,"USD",0,0,0,2187,4.5,"https://www.amazon.com/dp/B01LZ2MX91","9841.50",false,false,false,false,"Nintendo 2DS - Electric Blue with Mario Kart 7","https://m.media-amazon.com/images/I/71ro53m+1ML._AC_UY218_.jpg"
"RHZNDKONK5UTN","Reviewed in the United States on May 4, 2021",4,"Slow but great product!","Product finally arrived after having to contact seller to ship it. Other than that the product works great even though it took a while to get here due to USPS tracking issues. Got all of the cords to go with it as well. Thanks.",true,1,13,"113","B01LZ2MX91","nintendo 2ds",false,0,"USD",0,0,0,2187,4.5,"https://www.amazon.com/dp/B01LZ2MX91","9841.50",false,false,false,false,"Nintendo 2DS - Electric Blue with Mario Kart 7","https://m.media-amazon.com/images/I/71ro53m+1ML._AC_UY218_.jpg"
"R1E3AKSJ0CY4IE","Reviewed in the United States on March 10, 2021",5,"Worst one","Hated the 2DS hated it. Worst one they made",true,1,13,"113","B01LZ2MX91","nintendo 2ds",false,0,"USD",0,0,0,2187,4.5,"https://www.amazon.com/dp/B01LZ2MX91","9841.50",false,false,false,false,"Nintendo 2DS - Electric Blue with Mario Kart 7","https://m.media-amazon.com/images/I/71ro53m+1ML._AC_UY218_.jpg"
"R15OCINJDV2LC7","Reviewed in the United States on February 13, 2021",5,"Good","Good",true,1,13,"113","B01LZ2MX91","nintendo 2ds",false,0,"USD",0,0,0,2187,4.5,"https://www.amazon.com/dp/B01LZ2MX91","9841.50",false,false,false,false,"Nintendo 2DS - Electric Blue with Mario Kart 7","https://m.media-amazon.com/images/I/71ro53m+1ML._AC_UY218_.jpg"
"R3OIYBXG2EO9U0","Reviewed in the United States on February 9, 2021",4,"Very good","grandson loved it but he got a little angry when the box in the photo did not look the same",true,1,13,"113","B01LZ2MX91","nintendo 2ds",false,0,"USD",0,0,0,2187,4.5,"https://www.amazon.com/dp/B01LZ2MX91","9841.50",false,false,false,false,"Nintendo 2DS - Electric Blue with Mario Kart 7","https://m.media-amazon.com/images/I/71ro53m+1ML._AC_UY218_.jpg"
"R2QL3UZS8CBE2S","Reviewed in the United States on January 21, 2021",1,"Not as advertised","Arrived early but the ds was very scratched up. Looks like a cat on catnip 2as the previous owner.. The stylus was NOT included and the charging cable had a USB plug and no box",true,1,13,"113","B01LZ2MX91","nintendo 2ds",false,0,"USD",0,0,0,2187,4.5,"https://www.amazon.com/dp/B01LZ2MX91","9841.50",false,false,false,false,"Nintendo 2DS - Electric Blue with Mario Kart 7","https://m.media-amazon.com/images/I/71ro53m+1ML._AC_UY218_.jpg"
"R128HHBPVOF97X","Reviewed in the United States on July 17, 2021",1,"Defective","Waited almost a month to get a defective 2ds it doesn‚Äôt charge at all sooooo disappointing",true,1,14,"114","B00OZAIKKS","nintendo 2ds",false,0,"USD",0,0,0,51,3.4,"https://www.amazon.com/dp/B00OZAIKKS","173.40",false,false,false,false,"Nintendo 2DS Crystal Blue","https://m.media-amazon.com/images/I/91y6Tn2JMYL._AC_UY218_.jpg"
"R3RN7T5C155K9Q","Reviewed in the United States on March 15, 2019",2,"When buying from this seller, there is a chance the device you ordered will not work properly.","Seller shipped a defective system. The volume slider was broken and has no sound playing at all. Also the rubber thumbstick was missing. I can at least play my games, just without sound. Seller hasn't responded to my request to exchange for another system.",true,1,14,"114","B00OZAIKKS","nintendo 2ds",false,0,"USD",0,0,0,51,3.4,"https://www.amazon.com/dp/B00OZAIKKS","173.40",false,false,false,false,"Nintendo 2DS Crystal Blue","https://m.media-amazon.com/images/I/91y6Tn2JMYL._AC_UY218_.jpg"
"RJG98IZV479TB","Reviewed in the United States on February 4, 2017",5,"Five Stars","Great system and durable.",true,1,14,"114","B00OZAIKKS","nintendo 2ds",false,0,"USD",0,0,0,51,3.4,"https://www.amazon.com/dp/B00OZAIKKS","173.40",false,false,false,false,"Nintendo 2DS Crystal Blue","https://m.media-amazon.com/images/I/91y6Tn2JMYL._AC_UY218_.jpg"
"R3Q9VNEBGUAGWX","Reviewed in the United States on January 5, 2017",5,"Five Stars","works great",true,1,14,"114","B00OZAIKKS","nintendo 2ds",false,0,"USD",0,0,0,51,3.4,"https://www.amazon.com/dp/B00OZAIKKS","173.40",false,false,false,false,"Nintendo 2DS Crystal Blue","https://m.media-amazon.com/images/I/91y6Tn2JMYL._AC_UY218_.jpg"
"R3H5C85I8Q5KO2","Reviewed in the United States on December 16, 2016",5,"really good But load times for games like sun and moon ...","Gorgeous, really goodBut load times for games like sun and moon are frustrating to say the least",true,1,14,"114","B00OZAIKKS","nintendo 2ds",false,0,"USD",0,0,0,51,3.4,"https://www.amazon.com/dp/B00OZAIKKS","173.40",false,false,false,false,"Nintendo 2DS Crystal Blue","https://m.media-amazon.com/images/I/91y6Tn2JMYL._AC_UY218_.jpg"
"R201FS5GVXC5ED","Reviewed in the United States on November 19, 2016",5,"Super happy!!!","Perfect condition, works beautifully, and customer service is A1!",true,1,14,"114","B00OZAIKKS","nintendo 2ds",false,0,"USD",0,0,0,51,3.4,"https://www.amazon.com/dp/B00OZAIKKS","173.40",false,false,false,false,"Nintendo 2DS Crystal Blue","https://m.media-amazon.com/images/I/91y6Tn2JMYL._AC_UY218_.jpg"
"RRGKR4B4Z7EZY","Reviewed in the United States on August 18, 2016",5,"Five Stars","Love it! Very fast!",true,1,14,"114","B00OZAIKKS","nintendo 2ds",false,0,"USD",0,0,0,51,3.4,"https://www.amazon.com/dp/B00OZAIKKS","173.40",false,false,false,false,"Nintendo 2DS Crystal Blue","https://m.media-amazon.com/images/I/91y6Tn2JMYL._AC_UY218_.jpg"
"RGU48AB8OVUVC","Reviewed in the United States on March 22, 2016",5,"Five Stars","Great product! Was delivered on time and in perfect condition. Highly recommended!",true,1,14,"114","B00OZAIKKS","nintendo 2ds",false,0,"USD",0,0,0,51,3.4,"https://www.amazon.com/dp/B00OZAIKKS","173.40",false,false,false,false,"Nintendo 2DS Crystal Blue","https://m.media-amazon.com/images/I/91y6Tn2JMYL._AC_UY218_.jpg"
"R117YKANTSHV35","Reviewed in the United States on January 27, 2016",5,"Five Stars","works great, came earlier than expected",true,1,14,"114","B00OZAIKKS","nintendo 2ds",false,0,"USD",0,0,0,51,3.4,"https://www.amazon.com/dp/B00OZAIKKS","173.40",false,false,false,false,"Nintendo 2DS Crystal Blue","https://m.media-amazon.com/images/I/91y6Tn2JMYL._AC_UY218_.jpg"
"R3QLZ2MH9UKEWH","Reviewed in the United States on September 8, 2015",5,"Five Stars","great",true,1,14,"114","B00OZAIKKS","nintendo 2ds",false,0,"USD",0,0,0,51,3.4,"https://www.amazon.com/dp/B00OZAIKKS","173.40",false,false,false,false,"Nintendo 2DS Crystal Blue","https://m.media-amazon.com/images/I/91y6Tn2JMYL._AC_UY218_.jpg"
"cr-translate--898181241",,,"","",false,1,15,"115","B078KJ5VMV","nintendo 2ds",false,0,"USD",0,0,0,374,4.7,"https://www.amazon.com/dp/B078KJ5VMV","1757.80",false,false,false,false,"New Nintendo 2DS XL - Pikachu Edition","https://m.media-amazon.com/images/I/61z7Wd-U1OL._AC_UY218_.jpg"
"RBO0F95MUED2Y","Reviewed in the United States on March 19, 2021",5,"Nintendo Ds","Just unboxed it for my sons birthday but as of right now it was new and turned in just fine ...",true,1,15,"115","B078KJ5VMV","nintendo 2ds",false,0,"USD",0,0,0,374,4.7,"https://www.amazon.com/dp/B078KJ5VMV","1757.80",false,false,false,false,"New Nintendo 2DS XL - Pikachu Edition","https://m.media-amazon.com/images/I/61z7Wd-U1OL._AC_UY218_.jpg"
"R39PK1IFS6DWE4","Reviewed in the United States on December 2, 2020",5,"I gave this product 5 stars for the service not the product","When I received this product it looked amazing. The packaging was nice, it arrived quicker than we expected, and the overall presentation of the product was just what we had hoped for. However, it was dead when it arrived so I charged it for a couple of hours and when I turned it on it worked for 30 seconds, then the top screen went black, the bottom went black with and error code coming across the screeen stating to shut off the console and restart or contact nintendo support. I restarted it with the same issue three times and then I messaged the seller to make them aware that I was going to call nintendo to get to the root of the issue. When I was on the call with Nintendo we foudn that this product was not new as advertized and had the wrong programming it was not compatible with that console. I let the seller know what I had found out and they were quick to resolve the issue and apoligized perfusely for the mistake. I do not fault them for this we are all human everyone makes mistakes. We are just happy we were able to return the product without any issues and that everyone on all sides of this were extremely helpful including JMS Holdings, Nintendo Support, and Amazon Customer Service. We purchased a nintendo switch from Best Buy uptown after we received our refund from this product. I do not wish for anyone to avoid buying from this seller they werewonderful when it came down to having an issue with a product...I only wish to inform or remind those purchasing electronics to always charge the product and to try it out upon recieving it so if there is an issue theres no question as to what party is responsible only to how to get it resolved without conflict. Very thankful for all customer service representatives especially during the holidays.",true,1,15,"115","B078KJ5VMV","nintendo 2ds",false,0,"USD",0,0,0,374,4.7,"https://www.amazon.com/dp/B078KJ5VMV","1757.80",false,false,false,false,"New Nintendo 2DS XL - Pikachu Edition","https://m.media-amazon.com/images/I/61z7Wd-U1OL._AC_UY218_.jpg"
"R1TIHQSBR63S7O","Reviewed in the United States on July 26, 2020",5,"Perfect","Absolutely love it!",true,1,15,"115","B078KJ5VMV","nintendo 2ds",false,0,"USD",0,0,0,374,4.7,"https://www.amazon.com/dp/B078KJ5VMV","1757.80",false,false,false,false,"New Nintendo 2DS XL - Pikachu Edition","https://m.media-amazon.com/images/I/61z7Wd-U1OL._AC_UY218_.jpg"
"RUZ888XIUARDO","Reviewed in the United States on July 4, 2020",1,"Poor quality and even worse lifetime expectancy.","Quit working after only two years. Wouldn‚Äôt buy again.",true,1,15,"115","B078KJ5VMV","nintendo 2ds",false,0,"USD",0,0,0,374,4.7,"https://www.amazon.com/dp/B078KJ5VMV","1757.80",false,false,false,false,"New Nintendo 2DS XL - Pikachu Edition","https://m.media-amazon.com/images/I/61z7Wd-U1OL._AC_UY218_.jpg"
"R3VWZ2C9IYJXR6","Reviewed in the United States on July 2, 2020",5,"Fast delivery","Just like a new one",true,1,15,"115","B078KJ5VMV","nintendo 2ds",false,0,"USD",0,0,0,374,4.7,"https://www.amazon.com/dp/B078KJ5VMV","1757.80",false,false,false,false,"New Nintendo 2DS XL - Pikachu Edition","https://m.media-amazon.com/images/I/61z7Wd-U1OL._AC_UY218_.jpg"
"R2MVLCUO0NVBP0","Reviewed in the United States on June 8, 2020",5,"This was a gift for my daughter","It came on time by the seller, and it was in MINT condition!Six months later, and it is still being used at least weekly!She loves this!",true,1,15,"115","B078KJ5VMV","nintendo 2ds",false,0,"USD",0,0,0,374,4.7,"https://www.amazon.com/dp/B078KJ5VMV","1757.80",false,false,false,false,"New Nintendo 2DS XL - Pikachu Edition","https://m.media-amazon.com/images/I/61z7Wd-U1OL._AC_UY218_.jpg"
"RV2GYZ2EG6RKQ","Reviewed in the United States on May 5, 2020",4,"Muy lindo pero pila de bajo rendimiento","Muy lindo pero no s√© qu√© tiene pero le dura muy poco la pila, he tenido otras consolas y a esta le dura menos que lo que le dura a las otras",true,1,15,"115","B078KJ5VMV","nintendo 2ds",false,0,"USD",0,0,0,374,4.7,"https://www.amazon.com/dp/B078KJ5VMV","1757.80",false,false,false,false,"New Nintendo 2DS XL - Pikachu Edition","https://m.media-amazon.com/images/I/61z7Wd-U1OL._AC_UY218_.jpg"
"R24O6768FJK2Q2","Reviewed in the United States on April 22, 2020",5,"fantastic","Came in really good condition! no scratches or scuffs and it came with a charger.",true,1,15,"115","B078KJ5VMV","nintendo 2ds",false,0,"USD",0,0,0,374,4.7,"https://www.amazon.com/dp/B078KJ5VMV","1757.80",false,false,false,false,"New Nintendo 2DS XL - Pikachu Edition","https://m.media-amazon.com/images/I/61z7Wd-U1OL._AC_UY218_.jpg"
"R2WQABJUFAZDPU","Reviewed in the United States on February 19, 2020",1,"Will not turn on","We got this for my daughter for her birthday.She loved it. But she's barely been able to play it. She's had it less than a year and it won't turn on. It's not been dropped or damaged.Tried contacting the seller to no avail.DO NOT BUY!!",true,1,15,"115","B078KJ5VMV","nintendo 2ds",false,0,"USD",0,0,0,374,4.7,"https://www.amazon.com/dp/B078KJ5VMV","1757.80",false,false,false,false,"New Nintendo 2DS XL - Pikachu Edition","https://m.media-amazon.com/images/I/61z7Wd-U1OL._AC_UY218_.jpg"
"R1IGYYU1963AQK","Reviewed in the United States on February 4, 2020",5,"perfect condition","the box was in perfect condition short of a sticker that I could remove as well as the system and all components were in perfect condition.",true,1,15,"115","B078KJ5VMV","nintendo 2ds",false,0,"USD",0,0,0,374,4.7,"https://www.amazon.com/dp/B078KJ5VMV","1757.80",false,false,false,false,"New Nintendo 2DS XL - Pikachu Edition","https://m.media-amazon.com/images/I/61z7Wd-U1OL._AC_UY218_.jpg"
"R10D22W72ANCCC","Reviewed in the United States on September 23, 2021",5,"Looks like new","The seller I got it from says it has moderate/heavy use so there might be scratches, but I received mines looking like it‚Äôs been used for a day, it‚Äôs clean of visible scratches",true,1,16,"116","B00EZPCWWA","nintendo 2ds",false,0,"USD",0,0,0,2187,4.5,"https://www.amazon.com/dp/B00EZPCWWA","9841.50",false,false,false,false,"Nintendo 2DS - Crimson Red","https://m.media-amazon.com/images/I/41m0WDioWeL._AC_UY218_.jpg"
"R2YRV6QPTXHE3N","Reviewed in the United States on September 8, 2021",1,"Did not include Mario Kart","The media could not be loaded.¬†Did not include the game that was supposed to come with the product.",true,1,16,"116","B00EZPCWWA","nintendo 2ds",false,0,"USD",0,0,0,2187,4.5,"https://www.amazon.com/dp/B00EZPCWWA","9841.50",false,false,false,false,"Nintendo 2DS - Crimson Red","https://m.media-amazon.com/images/I/41m0WDioWeL._AC_UY218_.jpg"
"R2C1V4EUP07QPL","Reviewed in the United States on July 26, 2021",5,"Would purchase again!","Arrived perfect and in great condition. Everything I needed!",true,1,16,"116","B00EZPCWWA","nintendo 2ds",false,0,"USD",0,0,0,2187,4.5,"https://www.amazon.com/dp/B00EZPCWWA","9841.50",false,false,false,false,"Nintendo 2DS - Crimson Red","https://m.media-amazon.com/images/I/41m0WDioWeL._AC_UY218_.jpg"
"RI9T2KE8FXY1P","Reviewed in the United States on July 8, 2021",1,"Not good","I only bought this a few months ago and it hasn't been used much and it already died. It won't turn on. I also had to buy a new charger for it because the one that it came with was a knock-off and stopped working",true,1,16,"116","B00EZPCWWA","nintendo 2ds",false,0,"USD",0,0,0,2187,4.5,"https://www.amazon.com/dp/B00EZPCWWA","9841.50",false,false,false,false,"Nintendo 2DS - Crimson Red","https://m.media-amazon.com/images/I/41m0WDioWeL._AC_UY218_.jpg"
"R2LU6XG6DHAZ2F","Reviewed in the United States on May 31, 2021",4,"Ok","As expected",true,1,16,"116","B00EZPCWWA","nintendo 2ds",false,0,"USD",0,0,0,2187,4.5,"https://www.amazon.com/dp/B00EZPCWWA","9841.50",false,false,false,false,"Nintendo 2DS - Crimson Red","https://m.media-amazon.com/images/I/41m0WDioWeL._AC_UY218_.jpg"
"RHZNDKONK5UTN","Reviewed in the United States on May 4, 2021",4,"Slow but great product!","Product finally arrived after having to contact seller to ship it. Other than that the product works great even though it took a while to get here due to USPS tracking issues. Got all of the cords to go with it as well. Thanks.",true,1,16,"116","B00EZPCWWA","nintendo 2ds",false,0,"USD",0,0,0,2187,4.5,"https://www.amazon.com/dp/B00EZPCWWA","9841.50",false,false,false,false,"Nintendo 2DS - Crimson Red","https://m.media-amazon.com/images/I/41m0WDioWeL._AC_UY218_.jpg"
"R1E3AKSJ0CY4IE","Reviewed in the United States on March 10, 2021",5,"Worst one","Hated the 2DS hated it. Worst one they made",true,1,16,"116","B00EZPCWWA","nintendo 2ds",false,0,"USD",0,0,0,2187,4.5,"https://www.amazon.com/dp/B00EZPCWWA","9841.50",false,false,false,false,"Nintendo 2DS - Crimson Red","https://m.media-amazon.com/images/I/41m0WDioWeL._AC_UY218_.jpg"
"R15OCINJDV2LC7","Reviewed in the United States on February 13, 2021",5,"Good","Good",true,1,16,"116","B00EZPCWWA","nintendo 2ds",false,0,"USD",0,0,0,2187,4.5,"https://www.amazon.com/dp/B00EZPCWWA","9841.50",false,false,false,false,"Nintendo 2DS - Crimson Red","https://m.media-amazon.com/images/I/41m0WDioWeL._AC_UY218_.jpg"
"R3OIYBXG2EO9U0","Reviewed in the United States on February 9, 2021",4,"Very good","grandson loved it but he got a little angry when the box in the photo did not look the same",true,1,16,"116","B00EZPCWWA","nintendo 2ds",false,0,"USD",0,0,0,2187,4.5,"https://www.amazon.com/dp/B00EZPCWWA","9841.50",false,false,false,false,"Nintendo 2DS - Crimson Red","https://m.media-amazon.com/images/I/41m0WDioWeL._AC_UY218_.jpg"
"R2QL3UZS8CBE2S","Reviewed in the United States on January 21, 2021",1,"Not as advertised","Arrived early but the ds was very scratched up. Looks like a cat on catnip 2as the previous owner.. The stylus was NOT included and the charging cable had a USB plug and no box",true,1,16,"116","B00EZPCWWA","nintendo 2ds",false,0,"USD",0,0,0,2187,4.5,"https://www.amazon.com/dp/B00EZPCWWA","9841.50",false,false,false,false,"Nintendo 2DS - Crimson Red","https://m.media-amazon.com/images/I/41m0WDioWeL._AC_UY218_.jpg"